Market,ASEAN Market
Indonesia ST-BPS-S1,231
Select Client BPST - Existing,217
T0012333,28
AMERICAN EXPRESS BANK LTD,1
BANK INDONESIA,2
BANK INDONESIA CABANG SURABAYA,1
BANK RAKYAT INDONESIA,1
BPD BALI,1
BPD JABAR CABANG BOGOR,1
BPD JABAR CABANG TANGERANG,1
BRI SYARIAH CABANG JAKARTA,1
BUT STANDARD CHARTERED BANK,1
OTORITAS JASA KEUANGAN,1
PT AGRINUSA JAYA SANTOSA,1
PT ALLO BANK INDONESIA TBK,1
PT BANK BJB SYARIAH,1
PT BANK MEGA TBK,1
PT BPD JABAR TBK (BANK BJB),1
PT BRINGIN GIGANTARA,1
PT JAPFA COMFEED INDONESIA TBK,2
PT. BANK MEGA SYARIAH,1
PT. BANK PEMBANGUNAN DAERAH,1
PT. BANK RAYA INDONESIA TBK.,1
PT. BRI MULTIFINANCE INDONESIA,1
PT. BRINGIN INTI TEKNOLOGI,1
PT. CIOMAS ADISATWA,1
PT. SANTOSA AGRINDO,1
PT. SO GOOD FOOD,1
STANDARD CHARTERED BANK,1
T0012340,148
ARYADUTA HOTEL JAKARTA,1
"ASTRA CMG LIFE, PT",1
"ASTRA OTOPARTS TBK, PT",1
"ASURANSI ASTRA BUANA, PT",1
ASURANSI SINAR MAS,1
"BADAN METEOROLOGI,KLIMATOLOGI,",1
BADAN PENDAPATAN DAERAH,1
BADAN URUSAN LOGISTIK RI,1
BANK NOBU,1
BANK SINARMAS,1
BERITA SATU MEDIA HOLDINGS,1
CBN INDONESIA,1
"DIAN SWASTATIKA SENTOSA, PT",1
"DUTA PERTIWI TBK, PT",1
EKA HOSPITAL JAKARTA,1
FAST FOOD INDONESIA,1
INDOMOBIL FINANCE INDONESIA,1
INDOMOBIL NIAGA INTERNATIONAL,1
KEMENTERIAN BADAN USAHA MILIK,1
KEMENTRIAN NEGARA PEMBANGUNAN,1
LEMBAGA PENERBANGAN DAN,1
MEGA FINANCE,1
PERUM PERHUTANI,1
PINDO DELI PULP & PAPER MILLS,1
POLITEKNIK ELEKTRONIKA NEGERI,1
PT ARARA ABADI,1
PT ARTOMORO PRIMA,1
PT ARYA SHINTA FINANCE,1
PT ASTRA AGRO LESTARI TBK,1
PT ASTRA DAIHATSU MOTOR,1
PT ASTRA GRAPHIA,1
PT ASTRA GRAPHIA INFORMATION,3
PT ASTRA HONDA MOTOR,1
PT ASTRA INTERNATIONAL TBK,2
PT ASTRA-GRAPHIA TBK/AGIT ITBG,1
PT ASTRATEL NUSANTARA,1
PT ASURANSI AVIVA INDONESIA,1
PT BANK INA PERDANA,1
PT BORNEO INDOBARA,1
PT BUMI KENCANA EKA SEJAHTERA,1
PT BUMI SERPONG DAMAI,1
PT CENTURY BATTERIES INDONESIA,1
PT CYBERINDO ADITAMA,1
PT DENSO INDONESIA,1
PT FEDERAL INTERNATIONAL,1
PT FIRST MEDIA,1
PT INDAH KIAT PULP & PAPER TBK,1
PT INDO LOTTE MAKMUR,1
PT INDOFOOD SUKSES MAKMUR TBK,4
PT INDOMARCO ADI PRIMA/PEBAPAN,1
PT INDONUSA TELEMEDIA,1
PT LIPPO KARAWACI TBK,1
PT LIPPO TSK INDONESIA,1
PT LONDON SUMATRA INDONESIA,1
PT LONTAR PAPYRUS PULP & PAPER,1
PT MATAHARI DEPARTMENT STORE,1
PT MATAHARI PUTRA PRIMA TBK,1
PT MEGA CENTRAL FINANCE,1
PT METROPOLITAN RETAILMART,1
PT MORA TELEMATIKA INDONESIA,1
PT MULTIPOLAR CORPORATION TBK,3
PT MULTIPOLAR PERKASA,1
PT MULTIPOLAR TBK,2
PT MULTIPOLAR TECHNOLOGY TBK,2
PT NISSAN MOTOR INDONESIA,1
PT OKI PULP AND PAPER MILLS,1
PT PABRIK KERTAS TJIWI KIMIA,2
PT PAKOAKUINA,1
PT PAMAPERSADA NUSANTARA,1
PT PERKEBUNAN NUSANTARA III,1
PT PERS. DAGANG DAN INDUSTRI,1
PT PERTANI,1
PT ROLIMEX KIMIA NUSAMAS,1
PT SERASI AUTORAYA,1
PT SILOAM INTERNATIONAL,1
PT SINARMAS SEKURITAS,1
PT SMART TELECOM,1
PT SMARTFREN TELECOM TBK,1
PT SUGITY CREATIVES,1
PT SURYA ARTHA NUSANTARA,1
PT SURYARAYA RUBERRINDO,1
PT TEBO INDAH,1
PT TOYOTA ASTRA FINANCIAL,1
PT TOYOTA ASTRA MOTOR,1
PT TOYOTA AUTO BODY-TOKAI,1
PT TRANS COFFEE,1
PT TRANS CORPORA,1
PT TRANS RETAIL INDONESIA,1
PT UNITED TRACTORS,1
PT UNITED TRACTORS PANDU,1
PT VISIONET DATA INTERNASIONAL,1
PT VISIONET INTERNASIONAL,3
PT. ANTA EXPRESS TOUR & TRAVEL,1
PT. ASTRA SEDAYA FINANCE,1
PT. ASTRAGRAPHIA,1
PT. ASURANSI JIWA ASTRA,1
PT. ASURANSI UMUM MEGA,1
PT. CYBERINDO MEGA PERSADA,1
PT. GOLDEN ENERGY MINES,1
PT. INDAH KIAT PULP & PAPER,1
PT. INDOKEPPEL DATACENTRE JKT,1
PT. INDOLAKTO,1
PT. INDOMOBIL TRADA NASIONAL,1
PT. INNOVATE MAS INDONESIA,1
PT. INTERNUX,2
PT. ISUZU ASTRA MOTOR,1
PT. KALIMANTAN PRIMA PERSADA,1
"PT. LINK NET, TBK",1
PT. MARGA MANDALA SAKTI,1
PT. MEGA CAPITAL INDONESIA,1
PT. NESTLE INDOFOOD CITARASA,1
PT. PURINUSA EKA,1
PT. PURINUSA EKA PERSADA,1
PT. SALIM IVOMAS PRATAMA,1
"PT. SALIM IVOMAS PRATAMA, TBK",1
PT. SINAR MAS AGRO RESOURCES,1
PT. SINARMAS SENTRA CIPTA,1
PT. TRANS MEDIA SOSIAL,1
PT. VAYATOUR,1
PT.AGRANET MULTICITRA SIBERKOM,1
PT.VISIONET DATA INTERNASIONAL,1
SILOAM HOSPITALS GROUP,1
SINARMAS ENERGY AND MINING,1
SINARMAS LAND,1
SUZUKI FINANCE INDONESIA PT,1
TOYOTA ASTRA FINANCIAL,1
"TRANS ICE, PT",1
"TRANS MART, PT",1
UNIVERSITAS BRAWIJAYA,2
UNIVERSITAS DIPONEGORO,1
UNIVERSITAS HASANUDDIN,1
UNIVERSITAS INDONESIA-FKM-UKK,1
UNIVERSITAS PELITA HARAPAN,1
T0012343,41
BADAN PENYELENGGARA JAMINAN,1
BAHANA PEMBINAAN USAHA,1
INDONESIA INVESTMENT AUTHORITY,1
KUSTODIAN SENTRAL EFEK IND,1
LEMBAGA PENJAMIN SIMPANAN,1
PT ASURANSI AIOI INDONESIA,1
PT ASURANSI BUMI ASIH JAYA,1
PT ASURANSI CENTRAL ASIA,1
PT ASURANSI JASA INDONESIA,1
PT ASURANSI JASA RAHARJA,1
PT ASURANSI JASARAHARJA PUTERA,1
PT ASURANSI JIWA ADISARANA,1
PT ASURANSI JIWA JOHN HANCOCK,1
PT ASURANSI JIWA KRESNA,1
PT ASURANSI JIWA TUGU MANDIRI,1
PT ASURANSI JIWASRAYA,1
PT ASURANSI KREDIT INDONESIA,1
PT ASURANSI MSIG INDONESIA,3
PT ASURANSI SOSIAL ABRI,1
PT BAHANA ARTHA VENTURA,1
PT BAHANA SECURITIES,1
PT BAHANA TCW INVESTMENT,1
PT BURSA EFEK INDONESIA,1
PT BUSSAN AUTO FINANCE,1
PT KARUNIA ALAM SEGAR,1
PT KLIRING PENJAMINAN EFEK,1
PT MITSUI INDONESIA,1
PT PEMERINGKAT EFEK INDONESIA,1
PT PERMODALAN NASIONAL,1
PT SARANA MULTI INFRASTRUKTUR,1
PT TASPEN (PERSERO),3
PT. ASURANSI KREDIT INDONESIA,1
PT. JASA RAHARJA (PERSERO),1
PT. MITRA TRANSAKSI INDONESIA,1
PT. PEFINDO BIRO KREDIT,1
PT. PEGADAIAN,1
PT. PEGADAIAN GALERI DUA EMPAT,1
Select Client BPST - New,14
T0012333,1
PT. MAYBANK INDONESIA FINANCE,1
T0012340,4
PT INDIKA ENERGY TBK,1
PT KIDECO JAYA AGUNG,1
PT MITRA BAHTERA SEGARA SEJATI,1
PT. MEDCO INTIDINAMIKA,1
T0012343,9
AJB BUMI PUTERA 1912,1
AJB BUMIPUTERA 1912,1
ASURANSI JIWA BERSAMA,1
PT COLUMBINDO PERDANA,1
"PT KRESNA GRAHA INVESTAMA, TBK",1
PT MNC LIFE ASSURANCE,1
PT. BFI FINANCE INDONESIA	 TBK,1
PT. BNI LIFE INSURANCE,1
PT. SARATOGA,1
Indonesia ST-BPS-S2,233
Select Client BPST - Existing,225
T0012334,27
BANK DAGANG NEGARA,1
BANK SYARIAH INDONESIA TBK.,3
LEMBAGA PEMBIAYAAN EKSPOR,2
MANDIRI SEKURITAS,1
PT ASURANSI JIWA INHEALTH,1
PT BANK MANDIRI (PERSERO),9
PT BANK MANDIRI (PERSERO) EKS,1
PT BANK MANDIRI (PERSERO) TBK,1
PT BANK MANDIRI TASPEN,1
PT BANK MUAMALAT INDONESIA,1
PT MANDIRI AXA GENERAL,1
PT MULTIPOLAR TECHNOLOGY TBK,1
PT. BANK DKI,1
PT. BANK MANDIRI TASPEN POS,1
PT. MANDIRI TUNAS FINANCE,1
PT. MANDIRI UTAMA FINANCE,1
T0012339,165
"ADMINISTRASI MEDIKA, PT",1
AKADEMI TELEKOMUNIKASI,1
ASDP INDONESIA FERRY,1
BADAN PENGELOLA TABUNGAN,1
BUT. SAKA INDONESIA PANGKAH,1
CNOOC SES LTD,1
GAGAS ENERGI INDONESIA,1
INDOSAT MEGA MEDIA,1
JOB PERTAMINA MEDCO TOMORI,1
JOB PERTAMINA TALISMAN,1
MATAHARI LINTAS CAKRAWALA,1
"MEDIATAMA ANUGRAH CITRA, PT",1
MIDTRANS PT,1
"MNC KABEL MEDIACOM, PT",1
MULTI ADIPRAKARSA MANUNGGAL,1
PERTAMINA DIREKTORAT EP,1
"PERTAMINA EP, PT",1
PERTAMINA UJUNG PANDANG,1
PERTAMINA UP IV CILACAP,1
PERTAMINA UP.II DUMAI,1
PLN 3 PADANG,1
PLN DISTR 12 JAWA TIMUR,1
PLN JAYA TANGERANG,1
PLN MEDAN,1
PLN PUSDIKLAT,1
PLN WIL.II MEDAN,1
PLN/UJUNG PANDANG,1
PT (PERSERO) GAS NEGARA,1
PT ABHIMATA CITRA ABADI,1
PT ABHIMATA PERSADA,1
PT ANABATIC TECHNOLOGIES,1
PT ANABATIC TECHNOLOGIES TBK,1
PT APLIKANUSA LINTASARTA,1
PT BINAREKA TATAMANDIRI,5
PT BLUE POWER TECHNOLOGY,4
PT BUMI SIAK PUSAKO-PERTAMINA,1
PT COLLEGA INTI PRATAMA,3
PT COMPUTRADE INDONESIA,1
PT COMPUTRADE TECHNOLOGY,2
PT ELNUSA GEOSAINS,1
PT ELNUSA TBK,1
PT ELNUSA TELEMATIKA,1
PT FINNET INDONESIA,1
PT GLOBAL INFORMASI BERMUTU,1
PT GRAHA INFORMATIKA NUSANTARA,1
PT INDONESIA COMNET PLUS,1
PT INDOSAT TBK,3
PT INDOSIAR VISUAL MANDIRI,1
PT INDUSTRI TELEKOMUNIKASI,1
PT INFOKOM ELEKTRINDO,1
PT INFOMEDIA NUSANTARA,1
PT KOMPAS MEDIA NUSANTARA,1
PT MEDIA NUSANTARA CITRA TBK,1
PT METRANET,1
PT METRODATA E BISNIS,1
PT METRODATA E-BISNIS,1
PT METRODATA ELECTRONICS,1
PT METRODATA ELECTRONICS TBK,1
PT MITRA INFOSARANA,2
PT MITRA INTEGRASI INFORMATIKA,4
PT MNC SKYVISION,1
PT MULTI ADIPRAKARSA MANUNGGAL,1
PT MULTIMEDIA NUSANTARA,1
PT PEMBANGKITAN JAWA BALI,1
PT PEMBANGUNAN JAYA ANCOL TBK,2
PT PERTAMINA,1
PT PERTAMINA (PERSERO),1
PT PERTAMINA BINA MEDIKA IHC,1
PT PERTAMINA EP,1
PT PERTAMINA EPTC,1
PT PERTAMINA GEOTHERMAL ENERGY,1
PT PERTAMINA HULU ENERGI,1
PT PERTAMINA HULU ENERGI OSES,1
PT PERTAMINA HULU MAHAKAM,1
PT PERUSAHAAN GAS NEGARA,1
PT PINS INDONESIA,1
PT PJB SERVICES,1
PT PLN (PERSERO) DISTRIBUSI,1
PT PLN (PERSERO) UBS P3B,1
PT PLN BATAM,1
PT PLN(PERSERO)PENYALURAN DAN,1
PT RAJAWALI CITRA TELEVISI IND,1
PT REASURANSI INDONESIA UTAMA,1
PT SIGMA CIPTA CARAKA,9
PT SIGMA CIPTA UTAMA,1
PT SIGMA KARYA SEMPURNA,1
PT SIGMA METRASYS SOLUTIONS,1
PT SURYA CITRA TELEVISI,1
PT TELEKOMUNIKASI INDONESIA,9
PT TELEKOMUNIKASI INDONESIA TB,1
PT TELEKOMUNIKASI SELULAR -,1
PT TELKOM AKSES,1
PT TELKOM INDONESIA TBK PROBIS,1
PT TUGU PRATAMA INDONESIA,1
PT XDC INDONESIA,1
PT. AETERNIT INTERNATIONAL,1
PT. APLIKANUSA LINTASARTA,1
PT. COLLEGA INTI PRATAMA,1
PT. DAYAMITRA TELEKOMUNIKASI,1
PT. DIGITAL VISION NUSANTARA,1
PT. GOTO GOJEK TOKOPEDIA,1
PT. INDONESIA POWER,1
PT. INDOSAT TBK,1
PT. INFRASTRUKTUR,1
PT. KREATIF MEDIA KARYA,1
PT. LAPI ITB,1
PT. MEDIA NUSANTARA INFORMASI,1
PT. NIAGAPRIMA PARAMITRA,2
PT. PAITON ENERGY,1
PT. PEMBANGKITAN JAWA BALI,1
PT. PERTAMINA GAS,1
PT. PERTAMINA HULU,1
PT. PERTAMINA HULU ENERGI,1
PT. PERTAMINA HULU ROKAN,1
PT. PERUSAHAAN LISTRIK NEGARA,1
PT. PGAS SOLUTION,1
PT. PGAS TELEKOMUNIKASI,1
PT. PLN P2B,1
PT. TELEKOMUNIKASI INDONESIA,1
PT. TELEKOMUNIKASI SELULAR,1
PT. TELKOM DATA EKOSISTEM,1
PT. TELKOM INDONESIA (PERSERO),1
PT. TELTRANET APLIKASI SOLUSI,1
PT. TRI ADI BERSAMA,1
PT. WIJAYA KARYA (PERSERO) TBK,1
PT.BANK RIAU KEPRI,1
PT.INDONESIA COMNET PLUS,1
PT.SIGMA METRASYS SOLUTION,1
PT.TELEKOMUNIKASI SELULAR,1
SATUAN KERJA KHUSUS PELAKSANA,1
SINDOTV,1
T0012345,20
ASURANSI BANGUN ASKRIDA PT,1
ASURANSI MITRA MAPARYA,1
ASURANSI RAMAYANA PT TBK,1
"ASURANSI WAHANA TATA, PT",1
BPJS KESEHATAN,1
BPJS KETENAGAKERJAAN,1
PT AJ MANULIFE INDONESIA,3
PT ASKES (PERSERO),1
PT ASURANSI ALLIANZ LIFE IND,1
PT ASURANSI ALLIANZ UTAMA,1
PT ASURANSI JIWA SEQUIS,1
PT ASURANSI JIWA SEQUIS LIFE,2
PT EASTSPRING INVESTMENTS,1
PT PRUDENTIAL LIFE ASSURANCE,1
PT. ASKES (PERSERO),1
PT. ASURANSI JIWA SEQUIS,1
PT. CHUBB GENERAL INSURANCE,1
T0012346,13
PT AIA FINANCIAL,1
PT ASURANSI AXA INDONESIA,1
PT ASURANSI JIWA GENERALI,1
PT AXA FINANCIAL INDONESIA,1
PT AXA GROUP OPERATIONS,1
PT AXA SERVICES INDONESIA,2
PT CIMB SUN LIFE,2
PT. AXA LIFE INDONESIA,1
PT. AXA MANDIRI FINANCIAL,1
PT. SUN LIFE INDONESIA,1
PT.SUN LIFE FINANCIAL,1
Select Client BPST - New,8
T0012339,8
PT BAKRIE COMMUNICATIONS CORP,1
PT BUMI RESOURCES TBK,1
PT GRAMEDIA ASRI MEDIA,1
PT HIPERNET INDODATA,1
PT MEDIA TELEVISI INDONESIA,1
PT. MASTERSYSTEM INFOTAMA,1
PT. SAT NUSAPERSADA TBK,1
PT. TOWER BERSAMA,1
Indonesia ST-BPS-S3,263
Select Client BPST - Existing,217
T0012335,33
T0012336,38
BANK ARTA NIAGA KENCANA,1
BANK COMMONWEALTH,2
"BANK NAGARI, PT",1
BANK NUSANTARA PARAHYANGAN,1
"BUT. MUFG BANK, LTD",1
CIMB SECURITIES INDONESIA PT,1
CITIBANK N.A,1
CITIBANK NA (GLOBAL CONSUMER),1
"JCB CO., LTD",1
PT BANK ANZ INDONESIA,1
PT BANK CIMB NIAGA TBK,3
PT BANK PERMATA TBK,5
PT BANK UOB BUANA,1
PT BANK UOB BUANA TBK,1
PT BANK UOB INDONESIA,1
PT BANK VICTORIA INTERNATIONAL,1
PT BTMU - BRI FINANCE,1
PT CIMB NIAGA AUTO FINANCE,1
PT CITICORP FINANCE INDONESIA,1
PT FIRST STATE INVESTMENTS,1
"PT PAN INDONESIA BANK, TBK",1
PT PANIN DAI-ICHI LIFE,1
PT UOB KAY HIAN SECURITIES,1
PT. BANK NIAGA TBK,1
PT. BANK PANIN,1
"PT. BANK PANIN DUBAI SYARIAH,",1
PT. BANK PANIN SYARIAH,1
PT. BANK PERMATA TBK,1
PT. CITIGROUP SECURITIES,1
PT. CLIPAN FINANCE INDONESIA,1
PT. PANIN ASSET MANAGEMENT,1
T0012342,66
BADAN PENGKAJIAN DAN PENERAPAN,1
KALBE NUTRITIONALS,1
KALBIS INSTITUTE CAMPUS,1
KSO TERMINAL PETIKEMAS KOJA,1
PERSEROAN TERBATAS,1
PT  SAMPOERNA TELEKOMUNIKASI,1
PT (PERSERO) ANGKASA PURA I,1
PT AERO SYSTEMS INDONESIA,1
PT ANGKASA PURA II (PERSERO),1
PT BHANDA GHARA REKSA,1
PT BINTANG TOEDJOE,1
PT CITILINK INDONESIA,1
PT COCA COLA AMATIL INDONESIA,1
PT COCA COLA BOTTLING,1
PT COCA COLA INDONESIA,1
PT ENSEVAL PUTERA MEGATRADING,1
PT GARUDA INDONESIA (PERSERO),1
PT GARUDA MAINTENANCE FACILITY,1
PT HANJAYA MANDALA SAMPOERNA,1
PT KALBE FARMA TBK,2
PT MITRA ADIPERKASA TBK,1
PT PANEN LESTARI INTERNUSA,1
PT PATRA JASA,1
PT RAJAWALI NUSINDO,1
PT SAMPOERNA AGRO TBK,1
PT SAMPOERNA INVESTAMA,1
PT SAMPOERNA PRINTPACK,2
PT SAMPOERNA STRATEGIC,1
PT SAMUDERA INDONESIA TBK,1
PT SANGHIANG PERKASA,1
PT SARINAH (PERSERO),1
PT SRI REJEKI ISMAN (SRITEX),1
PT SUCOFINDO,1
PT SUMBER GRAHA SEJAHTERA,1
PT SUPRA BOGA LESTARI,2
PT TEMPO,1
PT TEMPO CENTRA MANAGEMENT,1
PT TEMPO DATA SYSTEM,1
PT TEMPO SCAN PACIFIC TBK,1
PT TERMINAL PETIKEMAS SURABAYA,1
PT. BERSAMA KARUNIA MANDIRI,1
PT. CREASI MODE INDONESIA,1
PT. DOM PIZZA INDONESIA,1
PT. GTECH DIGITAL ASIA,1
PT. INTEGRASI LOGISTIK CIPTA,1
PT. MITRA FASHINDO ABADI,1
PT. MITRAMODE DUTA FASHINDO,1
PT. NEW PRIOK CONTAINER,1
PT. OMEGA FASHINDO ADIPERKASA,1
PT. PERUSAHAAN PERSEROAN (PERS,1
PT. PHILIP MORRIS SAMPOERNA,1
PT. PRIMA BUANA PERKASA,1
PT. SARIMODE FASHINDO,1
PT. SARIMODE GRIYA,1
PT. SRIWIJAYA AIR,1
PT. SUKSES DIVA MANDIRI,1
PT.MAP AKTIF ADIPERKASA TBK,1
PT.MITRA SELARAS SEMPURNA,1
PT.SARI BURGER INDONESIA,1
PT.SARI COFFEE INDONESIA,1
RS MITRA KELUARGA,1
"SANGHIANG PERKASA,PT",1
TERMINAL PETIKEMAS SEMARANG,1
T0012344,80
"BHIRAWA STEEL, PT",1
BIRO KLASIFIKASI INDONESIA,1
BUT CHEVRON INDONESIA COMPANY,1
BUT. CHEVRON GANAL LTD,1
CHEVRON MAKASSAR LTD,1
CHEVRON RAPAK LTD,1
DOK & PERKAPALAN KODJA BAHARI,1
HONDA PRECISION PARTS,1
"HONDA R&D SOUTHEAST ASIA CO.,",1
LG ELECTRONICS INDONESIA,1
PT AISIN INDONESIA,1
PT ANTAM TBK,1
PT ASAHIMAS CHEMICAL,1
PT ASAHIMAS FLAT GLASS TBK,1
PT ATSUMITEC INDONESIA,1
PT BARITO PACIFIC TIMBER,1
PT BRIDGESTONE TIRE INDONESIA,1
PT CALTEX PACIFIC INDONESIA,1
PT CHANDRA ASRI PETROCHEMICAL,1
PT CHEVRON PACIFIC INDONESIA,1
PT DIAN ABADI PERKASA,1
PT DOK DAN PERKAPALAN SURABAYA,1
PT GAJAH TUNGGAL TBK,1
PT HINO MOTORS MANUFACTURING,1
PT HINO MOTORS SALES INDONESIA,1
PT HONDA LOCK INDONESIA,1
PT HONDA POWER PRODUCTS,1
PT HONDA PRECISION PARTS,1
PT HONDA PROSPECT MOTOR,2
PT HONDA TRADING INDONESIA,1
PT INDOCEMENT TUNGGAL PRAKARSA,1
PT LG CNS INDONESIA,1
PT LG INNOTEK INDONESIA,1
PT MAGMA NUSANTARA LIMITED,1
PT MINERAL INDUSTRI INDONESIA,1
PT MITRA PINASTHIKA MULIA,1
PT MITRA PINASTHIKA MUSTIKA,1
PT PAL INDONESIA (PERSERO),1
PT PEMBANGUNAN PERUMAHAN,1
PT PETROKIMIA GRESIK,1
PT PINDAD (PERSERO),1
PT PUPUK INDONESIA (PERSERO),1
PT PUPUK ISKANDAR MUDA,1
PT PUPUK KALIMANTAN TIMUR TBK,1
PT PUPUK KUJANG,1
PT SEMEN BATURAJA,1
PT SEMEN TONASA (PERSERO),1
PT SMELTING,2
PT STYRINDO MONO INDONESIA,1
PT SURVEYOR INDONESIA,1
PT TAMBANG BATUBARA BUKIT ASAM,2
PT TOYO-BESQ PRECISION PARTS,1
PT TOYOTA MOTOR MANUFACTURING,1
PT TOYOTA TSUSHO INDONESIA,1
PT UNOCAL INDONESIA CO,1
PT YAMAHA INDONESIA MOTOR MFG,1
PT YAMAHA MOTOR PARTS,1
PT(PERSERO) WASKITA KARYA,1
PT. ADHI KARYA (PERSERO) TBK.,1
PT. ALCAR CHEMCO INDONESIA,1
PT. CHANDRA ASRI PETROCHEMICAL,1
PT. COGINDO DAYABERSAMA,1
PT. DIRGANTARA INDONESIA,1
PT. INDOCEMENT TUNGGAL,1
PT. JASA DAYA CHEVRON,1
PT. JTEKT INDONESIA,1
PT. MANDAU CIPTA TENAGA,1
PT. PERTAMINA HULU INDONESIA,1
PT. SANTOS JAYA ABADI,1
PT. TIMAH TBK,1
PT.TD AUTOMOTIVE COMPRESSOR,1
STAR ENERGY (KAKAP) LTD,1
STAR ENERGY GEOTHERMAL,3
STAR ENERGY GEOTHERMAL DARAJAT,1
"STAR ENERGY GEOTHERMAL SALAK,",1
Select Client BPST - New,46
T0012336,2
PT BANK ICBC INDONESIA,1
PT. BANK ICBC INDONESIA,1
T0012342,12
KALLA GROUP,1
PT BFI FINANCE INDONESIA TBK,1
PT BLUE BIRD TBK,1
PT DINAMIKA USAHAJAYA,1
PT KHARISMA PEMASARAN BERSAMA,1
PT LION WINGS,1
PT MITRA MANDIRI INFORMATIKA,3
PT SEPATU MAS IDAMAN,1
PT ULTRAJAYA MILK INDUSTRY &,1
PT UNILEVER INDONESIA TBK,1
T0012344,32
BP AMERICA PRODUCTION COMPANY,1
BP BERAU LTD,1
"BUT. INPEX MASELA, LTD",1
EXXONMOBIL OIL INDONESIA INC,1
PT BERAU COAL,1
PT CIPTA KRIDATAMA,1
PT DOWELL SCHLUMBERGER INDONES,1
PT ENERGI MEGA PERSADA TBK,1
PT ENI INDONESIA,1
PT ESSO INDONESIA INC,1
PT FAJAR SURYA WISESA,1
PT GEOSERVICES,1
PT INPEX CORPORATION,1
PT KAO INDONESIA,1
PT KAO INDONESIA CHEMICALS,1
PT MEDCO E&P INDONESIA,2
PT RESWARA MINERGI HARTAMA,1
PT SCHLUMBERGER GEOPHYSICS NUS,1
PT SCHLUMBERGER GEOPHYSICSS,1
PT SEMEN INDONESIA (PERSERO),1
PT WESTERNGECO INDONESIA,1
PT. BERAU COAL ENERGY TBK,1
PT. BP PETROCHEMICALS,1
PT. CASTROL INDONESIA,1
PT. CASTROL MANUFACTURING,1
PT. DONGGI-SENORO LNG,1
PT. MEDCO POWER INDONESIA,1
PT. RIAU ANDALAN PULP & PAPER,1
PT. SUNGAI BUDI,1
PT. VARIA USAHA,1
SAKA FARMA LABORATORIES,1
Indonesia ST-BPS-S4,147
Select Client BPST - Existing,121
T0012337,11
T0012338,27
T0012347,59
BADAN PENGAWASAN KEUANGAN DAN,1
BADAN PUSAT STATISTIK,1
BAPPENAS C/O DEPKEU,1
DEPARTEMEN KEUANGAN RI,1
DINAS KOMUNIKASI DAN INFORMASI,2
DINAS KOMUNIKASI DAN INFORMAT-,1
DINAS KOMUNIKASI DAN INFORMATI,1
DIREKTORAT JENDERAL,1
DIREKTORAT JENDERAL ANGGARAN,1
DIREKTORAT JENDERAL KEKAYAAN,1
DIREKTORAT JENDERAL PAJAK,1
DIREKTORAT JENDRAL BEA & CUKAI,1
DIREKTORAT JENDRAL IMIGRASI,1
INSTITUT TEKNOLOGI SURABAYA,1
KEMENTERIAN ENERGI DAN SUMBER,1
KEMENTERIAN KOMUNIKASI DAN,1
KEMENTRIAN KEUANGAN,1
KEMENTRIAN KOMUNIKASI DAN,1
LEMBAGA PENYIARAN PUBLIK,1
"PARIT PADANG GLOBAL, PT",1
PELABUHAN I MEDAN,1
PEMERINTAH KOTA SURABAYA,1
PERUM LEMBAGA PENYELENGGARA,1
PERUM PERCETAKAN UANG RI,1
PT (PERSERO) PELABUHAN,2
PT (PERSERO) PELABUHAN IND IV,1
PT ARUN NGL CO,1
PT BNI MULTIFINANCE,1
PT INDONESIA LOGISTICS,1
PT INDUSTRI KERETA API,1
PT KRAKATAU INFORMATION,1
PT KRAKATAU STEEL,2
PT KRAKATAU STEEL (PERSERO),1
PT PARIT PADANG,1
PT PHAPROS,1
PT(PERSERO) PELABUHAN IND II,1
PT. ASURANSI JIWA IFG,1
PT. HUTAMA KARYA (PERSERO),1
PT. INDONESIA ASAHAN ALUMINIUM,1
PT. KRAKATAU POSCO,1
PT. PELINDO MARINE SERVICES,1
PT. PELITA AIR SERVICE,1
PT. PEMBANGUNAN PERUMAHAN,1
PT. PENJAMINAN INFRASTRUKTUR,1
PT. POLYTAMA PROPINDO,1
PT. SEMEN INDONESIA LOGISTIK,1
PT. SOHO GLOBAL HEALTH,1
PT. SOHO INDUSTRI PHARMASI,1
PT.KRAKATAU NIPPON STEEL,1
PT.PELINDO HUSADA CITRA,1
RSUD DR. SOETOMO,1
UNIVERSITAS AIRLANGGA,1
UNIVERSITAS GAJAH MADA,1
UNIVERSITAS ISLAM INDONESIA,1
UNIVERSITAS SEBELAS MARET,1
UNIVERSITY OF INDONESIA,1
T0012348,24
BADAN INTELIJEN  NEGARA,1
BADAN INTELIJEN NEGARA,1
BADAN NARKOTIKA NASIONAL,1
BAINTELKAM POLRI,1
BARESKRIM MABES POLRI,1
DENSUS 88 AT POLRI,1
DINAS KESEHATAN DKI,1
DIREKTORAT LALU LINTAS POLRI,1
KDPE PEMDA DKI JAYA,1
KEMENTERIAN HUKUM DAN HAM,1
KOMISI PEMBERANTASAN KORUPSI,1
KORLANTAS POLRI,1
MABAK DISINFOLAHTA,1
MABES POLRI - PUSINFOLAHTA DIV,1
MARKAS BESAR KEPOLISIAN NEGARA,1
PEMERINTAH PROPINSI DKI,1
PEMERINTAH PROVINSI DKI,1
PT LRT JAKARTA,1
PT NVPD SOEDARPO CORPORATION,1
PT. JAKARTA PROPERTINDO,1
PT. MASS RAPID TRANSIT JAKARTA,1
SEKOLAH TINGGI ILMU KEPOLISIAN,1
UNIVERSITAS BINA NUSANTARA,1
YAYASAN BINA NUSANTARA,1
Select Client BPST - New,26
T0012338,1
T0012347,15
BADAN KEPEGAWAIAN NEGARA,1
BAPEPAM,1
BKPM,1
DEPARTEMEN AGAMA REPUBLIK,1
DEPARTEMEN DALAM NEGERI,1
DEPARTEMEN PEKERJAAN UMUM RI,1
DEPARTEMEN TENAGA KERJA RI,1
DITJEN SUMBER DAYA DAN,1
KOMISI PEMILIHAN UMUM,1
KOMISI PEMILIHAN UMUM DAERAH,1
PEMERINTAH KABUPATEN PASURUAN,1
PT SANBE FARMA,1
PT. BINA SAN PRIMA,1
RUMAH SAKIT KANKER DHARMAIS,1
RUMAH SAKIT PUSAT ANGKATAN,1
T0012348,10
BADAN PENGUSAHAAN BATAM,1
BADAN PERENCANAAN PEMBANGUNAN,1
BADAN PERTANAHAN NASIONAL,1
BADAN SAR NASIONAL,1
DEPARTEMEN PERDAGANGAN,1
KEMENTERIAN KOPERASI DAN UKM,1
KEMENTERIAN PEMUDA DAN,1
MAHKAMAH KONSTITUSI REPUBLIK,1
SEKOLAH TINGGI ENERGI DAN,1
UNIVERSITAS ANDALAS,1
Indonesia ST-NCA Squad,1500
Select Client BPST - New,1500
T0012450,504
ABADI NIAGA PRIMA,1
ALP PETRO INDUSTRY,1
"AMAZON WEB SERVICES, INC.",1
ARTHA TEKNOLOGI,1
AUSTRALIAN FEDERAL POLICE-,1
AYANA RESORT & SPA,1
BADAN KOORD KEL BERENCANA NAS,1
BADAN PENDAPATAN DAERAH,1
BADAN PERENCANAAN DAERAH PROVI,1
BADAN REHABILITASI DAN,1
"BANK AGRIS, PT",1
BANK CENTRATAMA NASIONAL (CNB),1
BANK LIMAN INTERNATIONAL,1
BANK PEMBANGUNAN DAERAH,1
BANK PUNDI INDONESIA,1
BEND.UNIVERSITAS ISLAM NEGERI,1
BENDAHARA PEMEGANG KAS DINAS,1
BETHSAIDA HOSPITAL,1
BEYOND NOW GMBH,1
BINTAN LAGOON RESORT,1
BNN SATKER DEPUTI BIDANG,1
BOGORLIVE PROJECT,1
BPKP PERWAKILAN PROPINSI,1
BUT PEARLOIL (TUNGKAL) LTD,1
CHEMCO HARAPAN NUSANTARA,1
CIPTO SAPTADJI,1
CORAL TRIANGLE CENTER,1
CV ARTA RAYA,1
CV MAKARYA DUTA RAMA,1
CV. SINAR BAJA ELECTRIC,1
DEP KES-DITJEN PELAYANAN MEDIK,1
DEPARTEMEN PERTANIAN,1
DINAS KOMUNIKASI DAN,1
DINAS KOMUNIKASI INFORMATIKA,1
DINAS PENDAPATAN DAERAH PROV,1
"DINAS PENDAPATAN, PENGELOLAAN",1
DINAS PENDIDIKAN PROVINSI RIAU,1
DINAS PENGELOLAAN TEKNOLOGI,1
DIPENDA TK I JAWA TIMUR,1
DIPENDA TK.II KUTAI BONTANG,1
DIPENDA TK.II SLEMAN,1
DITJEN BIMAS ISLAM URUSAN HAJI,1
DOUBLETREE BY HILTON JAKARTA,1
DRACOOLA MULTIMEDIA,1
DUTA SARANA PERKASA PT,1
ELECTRONIC CITY INDONESIA PT,1
EMBASSY OF THE KINGDOM OF,1
"E-MOTION ENTERTAINMENT, PT",1
"EMPORIUM INDONESIA, PT",1
"FAVEO ENTERTAINMENT, PT",1
GAMETECHNO INDONESIA,1
GENERAL ELECTRIC FINANCE,1
HARAPAN BANGSA INTERNATIONAL,1
HARTONO PLANTATION INDONESIA,1
HASNUR GROUP,1
HERMINA GROUP,1
"HIBA UTAMA, PT",1
IAIN SUMATERA UTARA,1
IMS HEALTH,1
INFOTEK JAYA MAKMUR,1
JAKARTA HILTON HOTEL,1
JUMBO POWER INTERNATIONAL,1
KDB DAEWOO SECURITIES,1
KIWOOM SECURITIES INDONESIA PT,1
KMI WIRE AND CABLE,1
KONI PEKANBARU,1
KOPERASI SIMPAN PINJAM JASA,1
KRAFT FOOD INDONESIA,1
LAFARGE BORAL GYPSUM,1
LKBN ANTARA,1
LYMAN GROUP,1
MAYAPADA HOSPITAL,1
MC DONALD INDONESIA,1
"MEDIA INDONUSA,PT",1
"MEGAXUS INFOTECH, PT",1
MULTI TRADING PRATAMA,1
NIPPON INDOSARI,1
NITTSU LEMO INDONESIA LOGISTIK,1
"NUSA SATU INTI ARTHA, PT",1
NUSANTARA CAPITAL SECURITIES,1
ONLINE TRADING ACADEMY,1
P.T NODEFLUX INDONESIA,1
PARADOR HOTELS AND RESORTS,1
PARAMOUNT SERPONG,1
PD. BPR BANK PASAR KULON PROGO,1
PDAM SURABAYA,1
PELABUHAN III UTPK TG PERAK,1
"PELAYARAN FAJARINDO, PT",1
PEMERINTAH KABUPATEN SLEMAN,1
PEMERINTAH PROVINSI SULAWESI,1
PENGELUARAN BAGIAN PENGELOLA,1
"PERSEK.KURNIAWAN, RONAS,",1
PERUSAHAAN AIR MINUM TANGERANG,1
PETRONAS NIAGA INDONESIA,1
PIKSI-INST KEGURUAN I.PENDIDIK,1
PINEAPPLE CONNECT PTE LTD,1
POLITEKNIK NEGERI JAKARTA,1
POLITEKNIK PERTANIAN NEGERI,1
POLYMATECH INDONESIA,1
"PP DRS PRIJOHANDOJO,",1
PT  ELECTRONIC DATA,1
PT 3M INDONESIA,1
PT 66 PARADISE,1
PT ABC PRESIDENT INDONESIA,1
PT AC NIELSEN INDONESIA,1
PT AECOM INDONESIA,1
PT AGANSA PRIMATAMA,1
PT AGRO MAJU RAYA,1
PT ALSSA CORPORINDO,1
PT ANEKA INTIPERSADA,1
PT ANUGRAH JAYA INTI BERSAMA,1
PT ANUGRAH TEKNOLOGI INDONESIA,1
PT ARGO MANUNGGAL TEXTILE,1
PT ARSENAL SAKTI,1
PT ARTHA TELEKOMINDO,1
PT ASABA,1
PT ASIA MOTOR MAKMUR,1
PT AST INDONESIA,1
PT ASURANSI RAMA SATRIA WIBAWA,1
PT ASURANSI TAKAFUL KELUARGA,1
PT AVANEESH COAL RESOURCES,1
PT BANK INDONESIA RAYA,1
PT BANK MUTIARA TBK,1
PT BEHAESTEX,1
PT BELFOODS INDONESIA,1
PT BHUMIREKSA NUSASEJATI,1
PT BILLITON INDONESIA,1
PT BINA DATA MANDIRI,3
PT BINA SAINS CEMERLANG,1
PT BINUSATIKA,1
PT BIT TEKNOLOGI NUSANTARA,1
PT BOEHRINGER INGELHEIM,1
PT BUNDAMEDIK,1
PT CAHAYA SAKTI FURINTRACO,1
PT CATURKARDA DEPO BANGUNAN,1
PT CHINA COMSERVICE INDONESIA,1
PT CHINA INSURANCE INDONESIA,1
PT CHIYODA,1
PT CIBA VISION BATAM,1
PT CIPTA SAKSAMA INDONESIA,1
PT CIPTA SKYNINDO,1
PT CIPTA WIJAYA MANDIRI,1
PT COLIBRI NETWORKS,1
PT CONOCOPHILLIPS INDONESIA,1
PT CONTINENTAL PANJIPRATAMA,1
PT CONVERGYS INDONESIA,1
PT CRODA INDONESIA,1
PT D&D TECHNOLOGY,1
PT DATASCRIP,1
PT DAYA ADIRA MUSTIKA,1
PT DELTA DJAKARTA TBK,1
PT DENSO SALES,1
PT DHANAWIBAWA ARTHA CEMERLANG,1
PT DINERS JAYA INDONESIA,1
PT DIRGANTARA PARIPURNA PERSAD,1
PT DUNKINDO LESTARI,1
PT DYNAPLAST TBK,1
PT EAGLE INDO PHARMA,1
PT EISAI INDONESIA,1
PT ELECTROLUX INDONESIA,1
PT ERATEX DJAJA,1
PT ERICSSON INDONESIA,1
PT ESSENCE INDONESIA,1
PT EXPLOITASI ENERGI INDONESIA,1
PT EXSAMAP ASIA,1
PT FAJAR MAS MURNI,1
PT FINANNTARA INTIGA,1
PT GEMA TEKNOLOGI CAHAYA,1
PT GEODIS WILSON INDONESIA,1
PT GITASWARA INDONESIA,1
PT GLOBAL INTI CORPORATAMA,1
PT GOODYEAR INDONESIA TBK,1
PT GRAHA INTI JAYA (JULONG,1
PT GROWTH ASIA,1
PT GS BATTERY,1
PT GUDANG GARAM TBK,1
PT GUNUNG SUBUR SENTOSA,1
PT GUTHRIE PECCONINA INDONESIA,1
PT HAMADEN INDONESIA MFG,1
PT HATSONSURYA ELECTRIC,1
PT HOLCIM INDONESIA TBK,1
PT HUAWEI TECH INVESTMENT,1
PT INDESSO AROMA,1
PT INDESSO NIAGATAMA,1
PT INDOBUANA AUTORAYA,1
PT INDOBUILDCO,1
PT INDONESIA NIPPON SEIKI,1
PT INDOTRUBA TENGAH,1
PT INET INDONESIA,1
PT INFO LAB INDONESIA,1
PT INFOGRAM TELEMEDIA,1
PT INFOSYS SOLUSI TERPADU,1
PT INFRACOM TECHNOLOGY,1
PT ING LIFE INDONESIA,1
PT INTERDATA BHAKTI MULYA,1
PT INTI DUFREE PROMOSINDO,1
PT INTRACO PENTA,1
PT JAKARTA CAKRATUNGGAL STEEL,1
PT JASAMEDIKA SARANATAMA,1
PT JATIS SOLUTIONS ECOM,1
PT JUSTUS KIMIARAYA,1
PT JVC ELECTRONICS INDONESIA,1
PT JVC INDONESIA,1
PT KALINGGA KENCANA,2
PT KALTIM METHANOL INDUSTRI,1
PT KARYA PACIFIC SHIPPING,1
PT KEONG NUSANTARA ABADI,1
PT KINERJA INDONESIA,1
PT KNAUF GYPSUM INDONESIA,1
PT KODECO ENERGY CO LTD,1
PT KOLON INA,1
PT KOMATSU FORGING INDONESIA,1
PT KOMATSU INDONESIA,1
PT KOMATSU MARKETING AND,2
PT KOMATSU UNDERCARRIAGE,1
PT KORINDO ARIABIMA SARI,1
PT KSB INDONESIA,1
PT LABERSA HUTAHAEAN,1
PT LADANGRUMPUN SUBURABADI,1
PT LAHAN TANI SAKTI,1
PT LANGGENG MUARAMAKMUR,1
PT LEARNING RESOURCES,1
PT LINC SOLUTIONS,1
PT LOGAM SARI BEARINDO,1
PT MAHAKAM SUMBER JAYA,1
PT MAJU RAYA SEJAHTERA,1
PT MASPION,1
PT MASTER WEB NETWORK,1
PT MATAHARI KAHURIPAN,1
PT MCDERMOTT INDONESIA,1
PT MEKAR ARMADA JAYA,1
PT MENTARI PERSADA AGUNGMAS,1
PT MERKLE INOVASI TEKNOLOGI,1
PT METRA DIGITAL MEDIA,1
PT MINAMAS GEMILANG,1
PT MITRA INTEGRASI KOMPUTINDO,1
PT MITSUBA INDONESIA,1
PT MITSUBISHI HC CAPITAL AND,1
PT MITSUI OSK LINES INDONESIA,1
PT MOBILE-8 TELECOM,1
PT MURNI SOLUSINDO NUSANTARA,1
PT NATRA RAYA,1
PT NETSTAR INDONESIA,1
PT NEX LOGISTICS INDONESIA,1
PT NEXT INS INDONESIA,1
PT NIAGA PRIMA PARAMITRA,1
PT NIPPON STEEL CONSTRUCTION,1
PT NIRWANA LESTARI,1
PT NISSAN MOTOR DISTRIBUTOR,1
PT NISSAN MOTOR INDONESIA,2
PT NOVARTIS INDONESIA,1
PT NUSA HALMAHERA MINERALS,1
PT NUSA SATU INTI ARTHA,1
PT NUSANTARA SEJAHTERA RAYA,1
PT NUSANTARA SYSTEMS INT'L,1
PT NUSAUTAMA MEDICALINDO,1
PT NYK LINE INDONESIA,1
PT OMYA INDONESIA,1
PT OTOMOTIF MEDIATAMA,1
PT PACIFIC HEALTHCARE SERVICES,1
PT PANGGUNG ELECTRIC,1
PT PARIPURNA SWAKARSA,1
PT PELITA SAMUDERA SHIPPING,2
PT PELITA SAMUDERA SHIPPINGTBK,2
PT PERTAFENIKKI ENGINEERING,1
PT PETNESIA RESINDO,1
PT PETROSEA,1
PT PFIZER INDONESIA,1
PT PGS NUSANTARA,1
PT PHAROS INDONESIA,1
PT PHILIPS INDONESIA,2
PT PIONEER TRADING CO LTD,1
PT PLATINUM CERAMICS,1
"PT POLYSINDO EKA PERKASA, TBK",1
PT PRIMA KARYA SARANA,1
PT PRISMA GLOBAL SOLUSI,1
PT PRO SISTIMATIKA AUTOMASI,1
PT PRODIA WIDYAHUSADA,1
PT PZ CUSSONS INDONESIA,1
PT Q2 TECHNOLOGIES,1
PT RAMAYANA LESTARI,1
PT RODA SAKTI SURYARAYA,1
PT RUANG RAYA INDONESIA,1
PT RUKUN SEJAHTERA TEKNIK,1
PT SANDOZ INDONESIA,1
PT SANY INDONESIA MACHINERY,1
PT SARANA MEDIAJASA,1
PT SERAPHIM DIGITAL TECHNOLOGY,1
PT SHOWA INDONESIA MFG,1
PT SIME INDO AGRO,1
PT SINAR WAJA INDAH,1
PT SINERGY INFORMASI PRATAMA,1
PT SKILL (SUMBER KOMP I.LUHUR),1
PT SOLUSI MITRA ANDALAN,1
PT SOLUSINDO KREASI PRATAMA,1
PT SPORT GLOVE INDONESIA,1
PT STANDARD TOYO POLIMER,1
PT STYRON INDONESIA,1
PT SUBUR DJAJA DIESINDO,1
PT SUBUR DJAJA TEGUH,1
PT SUMMARECON AGUNG TBK,1
PT SUPRA LUXINDO UTAMA,1
PT SURA INDAH WOOD INDUSTRIES,1
PT SURVEY PRIMA SOLUSI,2
PT SURYA MADISTRINDO,2
PT SWADAYA ANDIKA,1
PT SWADHARMA DUTA DATA,1
PT SYARIKAT TAKAFUL INDONESIA,1
PT TANITO HARUM,1
PT TANJUNG ENIM LESTARI,1
PT TEAC ELECTRONICS INDONESIA,1
PT TECHNIP INDONESIA,1
PT TECHNOLAND ARYA UTAMA,1
PT TIARA ADI KENCANA,1
PT TOZY SENTOSA,1
PT TRAKTOR NUSANTARA,1
PT TRIPUTRA PERSADA RAHMAT,1
PT TRUBA ALAM MANUNGGAL,1
PT TUNGGAL MITRA PLANTATIONS,1
PT ULTRA PRIMA ABADI,1
PT URC INDONESIA,1
PT VIRGINIA OIL COMPANY,1
PT VIRTUAL MEDIA NUSANTARA,1
PT VISI SOLUSI TEKNOLOGI,1
PT WESTSIDE AGRITAMA,1
PT WIRAPANDU SUKSES MAKMUR,1
PT WISMILAK INTI MAKMUR TBK,1
PT YAKULT INDONESIA PERSADA,1
PT YANMAR AGRICULTURAL,1
PT YANMAR DIESEL INDONESIA,1
PT YUSEN AIR & SEA SERVICE,1
PT ZENIUS EDUCATION,1
PT ZTE INDONESIA,1
PT. ABBOTT INDONESIA,1
PT. ABBOTT PRODUCTS INDONESIA,1
PT. ACTAVIS INDONESIA,1
PT. AGATE INTERNATIONAL,1
PT. AMCAPITAL INDONESIA,1
PT. ANGGADA DUTA WISESA,1
PT. ANUGERAH TUNGGAL MANDIRI,1
PT. ARKON PRIMA INDONESIA,1
PT. ASURANSI JASINDO SYARIAH,1
PT. BAKRIE TELECOM TBK,1
PT. BALI TOWERINDO SENTRA TBK,1
"PT. BANK JTRUST INDONESIA, TBK",1
PT. BANK PERKREDITAN RAKYAT,1
PT. BANK WINDU KENTJANA,1
PT. BCCARD ASIA PACIFIC,1
PT. BEHN MEYER CHEMICALS,1
PT. BERITAGAR MEDIA DIPANTARA,1
PT. BUMI AMARTHA TEKNOLOGI,1
PT. BUMI BERKAH BOGA,1
PT. CATERPILLAR INDONESIA,1
PT. CIPTA MAPAN LOGISTIC,1
PT. CIPTADANA ASSET MANAGEMENT,1
PT. CITRAKOPRASINDO TANI,1
PT. CORTEVA AGRISCIENCE,1
PT. CUSHMAN & WAKEFIELD,1
PT. DIDANATANECA TEKNOLOGI,1
PT. DJOJONEGORO C-1000,1
PT. ERHA ARYA MEDIC,1
PT. ETERNO SYSTEM INDONESIA,1
PT. EUPEC INDONESIA,1
PT. EVERSHINE TEX,1
PT. FILTECH INDONESIA,1
PT. GENERASI DIGITAL,1
PT. GLOBAL COMM NUSANTARA,1
PT. GRAHA INDISPORT,1
PT. HANIL JAYA STEEL INDONESIA,1
PT. HD FINANCE TBK,1
PT. HEXINDO GEMILANG JAYA,1
PT. INDO PENTA BUMI PERMAI,1
PT. INDONESIA WACOAL,1
PT. INNOVATIVE PLASTIC,1
PT. JUSTUS SAKTI RAYA,1
PT. KALTIM POST,1
PT. KGI SEKURITAS INDONESIA,1
PT. LATINUSA TBK,1
PT. LINTAS TEKNOLOGI INDONESIA,1
PT. LOGISTIK OPTIMISASI,1
PT. LUCKY INDAH KERAMIK,1
PT. MAHAKA MEDIA TBK,1
PT. MALEO CREATIVE,1
PT. MEDIA INVESTAMA INDONESIA,1
PT. MEKAR ARMADA JAYA,1
PT. MERAK JAYA BETON,1
PT. METROPOLITAN TELEVISINDO,1
PT. MUGI REKSO ABADI,1
PT. NSSOL SYSTEMS INDONESIA,1
PT. NUSANTARA DUTA SOLUSINDO,1
PT. NUTRIFOOD INDONESIA,1
PT. OBERTHUR TECHNOLOGIES,1
PT. PALMA SERASIH TBK,1
PT. PANCA TEKNOLOGI NUSWANTARA,1
PT. PANDU PROFESINDO,1
PT. PANVERTA CAKRAKENCANA,1
PT. PCDC PROPCO ONE,1
PT. PETEKA KARYA SAMUDRA,1
PT. PISMA PUTRA TEXTILE,1
PT. PRATAPA NIRMALA,1
PT. PRIAMANAYA ENERGI,1
PT. PRICOL SURYA,1
PT. PRISMA GLOBAL SOLUSI,1
PT. QEON INTERACTIVE,1
PT. RIKEN INDONESIA,1
PT. SADHANA,1
PT. SARI MURNI ABADI,1
PT. SBA WOOD INDUSTRIES,1
PT. SENTRA PARAMITRA,1
PT. SIANTAR MADJU,1
PT. SOFTNET INDONESIA,1
PT. SQUARE GATE ONE,1
PT. STOCKBIT SEKURITAS DIGITAL,1
PT. STRATEGIC PARTNER SOLUTION,1
PT. SUMIDEN SINTERED,1
PT. SUPREME ENERGY RANTAU,1
PT. SURYA HUTANI JAYA,1
PT. SURYA PEMENANG,1
PT. SURYASOFT KONSULTAMA,1
PT. SUTINDO RAYA MULIA,1
PT. SYSTEM TREE TECHNOLOGY,1
PT. TAMTAMA PERKASA,1
PT. TELADAN PRIMA GROUP,1
PT. TIGA GLOBAL SEJAHTERA,1
PT. TIMAS SUPLINDO,1
PT. TRAINOCATE NETWORKS,1
PT. TRI WAHANA UNIVERSAL,1
PT. TRISTAR TRANSINDO,1
PT. WIJAYA KENCANA PRATAMA,1
PT. WIRAKARYA SAKTI,2
PT. XL PLANET,1
PT. YUSEN LOGISTICS INDONESIA,1
PT.ALTROS TEKNOLOGI,1
PT.ENERGI SEJAHTERA MAS,1
PT.MULTI ARTHA SEJAHTERA ABADI,1
PT.SNET INDONESIA,1
PT.SURI TANI PEMUKA,1
PT.SURYA DONASIN,1
PT.UNA DARMA INDONESIA,1
PTP NUSANTARA - IV (PERSERO),1
PUSKESMAS KECAMATAN TEBET,1
RADANA FINANCE,1
RAJAWALI GROUP CORPORATION,1
RED STUDIO,1
RICHLAND LOGISTICS INDONESIA,1
ROXCEL INDONESIA,1
"ROYAL STANDARD, PT",1
RS PELNI PETAMBURAN,1
RSUD DR. MARGONO SOEKARJO,1
RSUD TARAKAN,1
RSUP DR. HASAN SADIKIN,1
RUMAH SAKIT ADI HUSADA UDAAN,1
RUMAH SAKIT MATA AINI,1
RUMAH SAKIT OMNI ALAM SUTERA,1
RUMAH SAKIT SATYA NEGARA,1
SARANA UNGGUL TRANSPORTINDO,1
SEKOLAH TINGGI ILMU KESEHATAN,1
SEKRETARIAT DPR,1
SEKRETARIAT INSPEKTORAT JENDER,1
SIRCLO,1
SUDO MOBILE,1
SUMBER ALFARIA TRIJAYA TBK,1
SUNBAY AG,1
SUNTORY BEVERAGE & FOOD ASIA,1
"SUPER MICRO COMPUTER, INC",1
SUPERMAL KARAWACI PT,1
"SUTINDO ANUGERAH SEJAHTERA, PT",1
SYNIVERSE TECHNOLOGIES,1
THE BRITISH INTERNATIONAL,1
THE ROYAL BANK OF SCOTLAND NV,1
TIM NASIONAL PERCEPATAN,1
TOKO GUNUNG AGUNG,1
TRANSASIA SECURITIES PT,1
TRIMERA MEDIA UTAMA,1
TUNAS RIDEAN TBK,1
UNIVERSITAS ISLAM NEGERI SUNAN,1
UNIVERSITAS KATOLIK,1
UNIVERSITAS MATARAM,1
UNIVERSITAS MUHAMMADIYAH,1
UNIVERSITAS NEGERI MAKASSAR,2
UNIVERSITAS NEGERI MEDAN,2
UNIVERSITAS NEGERI YOGYAKARTA,1
UNIVERSITAS NUSA CENDANA,1
UNIVERSITAS SURYA,1
"WIGO DISTRIBUSI FARMASI, PT",1
YAY. PENDIDIKAN JAYA,1
YAYASAN MENARA BHAKTI,1
YAYASAN PEGURUAN TINGGI,1
YAYASAN PERGURUAN TINGGI,1
ZETTA MEDIA,1
ZHONG XING TELECOM CORPORATION,1
T0012451,496
ADVANCE TECHNOLOGIES,1
AGUNG SEDAYU GROUP PT,1
ARI PANTU,1
ASIA COLUMBIA HOSPITAL,1
ASOSIASI SISTEM PEMBAYARAN,1
ASPEX KUMBONG,1
AUSTRALIAN EMBASSY JAKARTA,1
AUTORIDADE NACIONAL DO,1
BADAN PENDAPATAN DAERAH,1
BALAI PENELITIAN PERKEBUNAN,1
BALI HYATT HOTEL,1
BALI INTERCONTINENTAL RESORT,1
BANK DUTA,1
BANK PEMBANGUNAN DAERAH,1
BANK PEMBANGUNAN DAERAH NUSA,1
BANK PERKREDITAN RAKYAT JATIM,1
BELOWCEPEK.COM,1
BEND. PENGELUARAN RS JANTUNG &,1
BINA SARANA INFORMATIKA,1
BIZNET GIO CLOUD,1
BPKP PROPINSI SULUT,1
BRAWIJAYA UNIVERSITY,1
BRISTOL-MYERS SQUIBB INDONESIA,1
BUSANA APPAREL GROUP,1
BUT SANTOS (SAMPANG) PTY. LTD,1
BUT VISA INTERNATIONAL,1
BUT.PTTEP MALUNDA LIMITED,1
CEMINDO GEMILANG PT,1
"CENTRAL ASIA FINANCIAL, PT",1
"CENTURY TEXTILE INDUSTRY,PT",1
CIPTA MORTAR UTAMA,1
CIPTA MULTI USAHA PERKASA,1
"COLOROBBIA INDONESIA, PT",1
CONRAD BALI,1
CV SUKSES MAKMUR BERSAMA,1
"DANKOS LABORATORIES TBK, PT",1
DEP PENDIDIKAN & KEBUDAYAAN RI,1
DEPARTEMEN KEHUTANAN RI,1
DEPARTEMEN PERTANIAN,1
DEPARTEMEN SOSIAL,1
DIHARDJA SOFTWARE SOLUTION,1
DINAS PENDAPATAN DAERAH,1
DINAS PENDAPATAN DAERAH KOTA,1
DINAS PENDAPATAN KOTA BANDUNG,1
DINAS PENDIDIKAN PEMERINTAH,1
DINAS PENGELOLAAN KEUANGAN,1
DIPENDA TK II MUSI RAWAS,1
DIPENDA TK.I JAWA TIMUR,1
DIREKTORAT PBB,1
DISPENDA SUMUT,1
"DUTA ANGGADA REALTY TBK, PT",1
ELECTRONIC SOLUTIONS,1
"ETRADING SECURITIES, PT",1
FAKULTAS ILMU KOMPUTER UB,1
FIRST RESOURCES GROUP,1
GEOTECH SYSTEM INDONESIA,1
GIESECKE & DEVRIENT INDONESIA,1
GMB 5B PCD COMPUTER & PROFESSI,1
GUMCODE IT SOLUTION,1
HYATT REGENCY SURABAYA,1
HYATT REGENCY YOGYAKARTA,1
IFCA CONSULTING INDONESIA,1
INDOMAS SUSEMI JAYA,1
INSTITUT TEKNOLOGI TELKOM,1
INTRASARI RAYA,1
IPTN,1
JAYA MANDIRI SUKSES,1
"JAYA PROTEKSINDO SAKTI, PT",1
KANTOR ARSIP DAN PERPUSTAKAAN,1
KAROSERI LAKSANA,1
KEJAKSAAN AGUNG RI,1
KEMENTERIAN LINGKUNGAN HIDUP,1
KIA MOTOR,1
KOPERASI KREDIT CU LANTANG,1
KOPERASI SIMPAN PINJAM,1
KUFPEC REGIONAL VENTURES,1
LASMO KRUENG MANE LIMITED,1
LINTAS MEDIA DANAWA,1
MAHANUSA,1
MAJALAH INVESTOR,1
MANDARIN ORIENTAL HOTEL,1
MANDOM INDONESIA,1
MASSINDO INTERNASIONAL,1
MEGASARI MAKMUR,1
MEKAR ARMADA INVESTAMA,1
"METRO BATAVIA, PT",1
MICHELIN ASIA CO. PTE. LTD,1
MIDTOWN HOTEL SURABAYA,1
"MIKATASA AGUNG, PT",1
MUBADALA ENERGY,1
MURNI TEGUH HOSPITAL,1
NAV KARAOKE KELUARGA,1
NOKIA CORPORATION,1
NURKHOLISAH KUSMIYATI,1
PACIFIC INTERLINK SDN BHD,1
PANCA WANA INDONESIA,1
PAU ILMU KOMPUTER UI,1
PD.AIR MINUM KAB. DATI II,1
PDAM KOTA BALIKPAPAN,1
PDAM PAM JAYA,1
PELNI HOSPITAL,1
PEMDA TK.I JAWA BARAT,1
PEMKOT YOGYA,1
PERFORMANCE MATERIAL PRODUCTS,1
PERMATA ENERGY RESOURCE,1
PERMATA HIJAU SAWIT GROUP,1
PERWAKILAN BPKP PROV DI,1
PETRONAS CARIGALI BERHAD LTD,1
POLITEKNIK NEGERI MEDAN,1
POLITEKNIK NEGERI SRIWIJAYA,1
PRAWEDA CIPTAKARSA INFORMATIKA,2
PT (PERSERO) ASURANSI EKSPOR,1
PT (PERSERO) PELABUHAN,1
PT A SCHULMAN PLASTICS,1
PT ABB SAKTI INDUSTRI,1
PT ADE TEXTILE INDUSTRY,1
PT AKR CORPORINDO TBK,1
PT AKUR PRATAMA,1
PT ALIANSI LINTAS TEKNOLOGI,1
PT ALTO NETWORK,1
PT ALUN,1
PT AMSTILL SECURITIES,1
PT AMWAY INDONESIA,1
PT ANDALAS MEDIA INFORMATIKA,1
PT ANDREWTANI INDONESIA,1
PT ANOMALI LINTAS TEKNOLOGI,1
PT ANUGERAH LANGKAT MAKMUR,1
PT AQUAFARM NUSANTARA,1
PT ARGO PANTES,1
PT ARTHAS ENERGY PETROGAS,1
PT ASIMETRIS DATA SENTOSA,1
PT AXIS TELEKOM INDONESIA,1
PT BAKRIE CAPITAL INDONESIA,1
PT BALI ANIMASI SOLUSI,1
PT BANK ANDARA,1
PT BANK HANVIT INDONESIA,1
PT BANK HARFA,1
PT BAYER INDONESIA,1
PT BERCA GLOBAL ACCESS,1
PT BERCA HARDAYAPERKASA,1
PT BERCA SCHINDLER LIFTS,1
PT BERCA SPORTINDO,1
PT BERSAMA SEJAHTERA SAKTI,1
PT BETON ELEMENINDO PERKASA,1
PT BIROTIKA SEMESTA,1
PT BUMI MODERN,1
PT BUMIPUTERA BOT FINANCE,1
PT CAKRAWALA INTI TEKNOLOGI,1
PT CHARADE INDONESIA,1
PT CIPTADANA SEKURITAS,1
PT CODEPHILE REKADAYA MANDIRI,1
PT CRYSTAL ANUGERAH ABADI,1
PT DARYA-VARIA LABORATORIA TBK,1
PT DATACRAFT INDONESIA,1
PT DATAMATION PURWANA UTAMA,1
PT DELAMI GARMENT INDUSTRIES,1
PT DELCOPRIMA PACIFIC,1
PT DELOITTE KONSULTAN,1
PT DENKI INDONESIA,1
PT DHARMA POLIMETAL,1
PT DIPA PHARMALABS INTERSAINS,1
PT DISTRIBUSI SURYA KENCANA,1
PT DKSH TUNGGAL,1
PT DUPONT AGRICULTURAL PRODUCT,1
PT DUTA VISUAL NUSANTARA,1
PT DUTAPALMA NUSANTARA,1
PT DWIDAYA INDO EXCHANGE,1
PT EDI INDONESIA,1
PT EKA BOGA INTI,1
PT ENERGI TATA PERSADA,1
PT ERA MEDIA INFORMASI,1
PT ETERINDO WAHANATAMA TBK,1
PT ETHICA INDUSTRI FARMASI,1
PT EVERGREEN MARINE INDONESIA,1
PT EVERGREEN SHIPPING AGENCY,1
PT EXECUTRAIN NUSANTARAJAYA,1
PT FARMINDO ADIJAYA PERSADA,1
PT FIRMENICH INDONESIA,1
PT FIT AND HEALTH INDONESIA,1
PT FUMIRA,1
PT GALUH CITARUM,1
PT GAMYA,1
PT GAWI MAKMUR KALIMANTAN,1
PT GE FINANCE INDONESIA,1
PT GEMA KARYA ABADI,1
PT GEOTECH SYSTEM INDONESIA,1
PT GLOBAL PUTRA INTERNATIONAL,1
PT GLORIA ORIGITA COSMETICS,1
PT GRAND HYATT JAKARTA,1
PT GRIYA MIESEJATI,1
PT HANDAL LOGISTIK NUSANTARA,1
PT HEINZ ABC INDONESIA,1
PT HOGY INDONESIA,1
PT HUMPUSS TERMINAL PETIKEMAS,1
PT ICI PAINTS INDONESIA,1
PT IFORTE SOLUSI INFOTEK,1
PT IMAG INFORMASI SOLUSI,1
PT IMANI PRIMA,1
PT INDOGOLD SOLUSI GADAI,1
PT INDOKEMIKA JAYATAMA,1
PT INDOMETAL MITRABUANA,1
PT INDONESIA TORAY SYNTHETICS,1
PT INDONESIAN CLOUD,1
PT INDORAMA PETROCHEMICALS,1
PT INDORAMA POLYESTER,1
PT INDORAMA VENTURES INDONESIA,1
PT INDOVEST SECURITIES,1
PT INDUSTRIAL GASES INDONESIA,1
PT INOVASI INTI SUKSES,1
PT INOVIDEA MAGNA GLOBAL,1
PT INTI DINAMIKA LOGITAMA,1
PT ISTECH RESOURCES ASIA,1
PT ITOCHU INDONESIA,1
PT JAINDO METAL INDUSTRIES,1
PT JARDINE LLOYD THOMPSON,1
PT JASA ANGKASA SEMESTA TBK,1
PT JATELINDO PERKASA ABADI,1
PT JAYA SEJATI,1
PT JAYAKUSUMA PERDANA LINES,1
PT JUI SHIN INDONESIA,1
PT JURNALINDO AKSARA GRAFIKA,1
PT KARLIN MASTRINDO,1
PT KATEXINDO CITRAMANDIRI,1
PT KENARI DJAJA PRIMA,1
PT KERISMAS WITIKCO MAKMUR,1
PT KONIMEX,1
PT KRESNATEL INDONESIA,1
PT KURIO,1
PT KURNIA INSURANCE INDONESIA,1
PT LAGUNA MANDIRI,1
PT LIEBHERR INDONESIA PERKASA,1
PT LOGIKREASI UTAMA,1
PT M CLASS INDUSTRY,1
PT MAHAGAYA PERDANA,1
PT MAINPARK MEDIA INDONESIA,1
PT MANDIRI INTI PERKASA,1
PT MARS SYMBIOSCIENCE,1
PT MASPION ELEKTRONIK,1
PT MASTER KARYA NUSA,1
PT MEAD JOHNSON INDONESIA,1
PT MEDION,1
PT MERCEDES-BENZ DISTRIBUTION,1
PT MERCEDES-BENZ INDONESIA,1
PT MERPATI NUSANTARA,1
PT MHE-DEMAG INDONESIA,1
PT MILLENIA INFOKOM TEKNOLOGI,1
PT MISORI UTAMA,1
PT MITRA ANEKA REZEKI,1
PT MITRA INFOSARANA,1
PT MITSUBISHI KRAMA YUDHA,1
PT MOLTEN ALUMINIUM PRODUCER,1
PT MONICA HIJAU LESTARI,1
PT MULIA INDUSTRINDO,1
PT MULTI BINTANG INDONESIA TBK,1
PT MULTI CITRA ABADI,1
PT NENGGALA KARYA,1
PT NETTOCYBER INDONESIA,1
PT NOK INDONESIA,1
PT NUSANTARA COMPNET,1
PT PACIFIC TEXINDO INDUSTRY,1
PT PAKARTI RIKEN INDONESIA,1
PT PANARUB INDUSTRY,1
PT PAPERTECH INDONESIA,1
PT PATA INFORMATIKA NUSANTARA,1
PT PEGASUS KERAMIK TERBAIK,1
PT PELAYARAN SAMUDERA SELATAN,1
PT PIJAR MULYA UTAMA,1
PT PMB INDONESIA,1
PT POSMI STEEL INDONESIA,1
PT PRAKARSA ALAM SEGAR,1
PT PUPUK SRIWIJAYA/BIRO DPC,1
PT PUTRAMAS MULIA SANTOSA,1
PT QUARTEE TECHNOLOGIES,1
PT QUARTRINDO MARINA,1
PT QUEST INTERNATIONAL,1
PT RAMA PERWIRA,1
PT ROMAN CERAMIC INTERNATIONAL,1
PT SAJANG HEULANG,1
PT SALAM PACIFIC INDONESIA,1
PT SANDIMAS REKSAKERAMIKA,1
PT SARANAKREASI TEKNOLOGI,1
PT SATYA GLOBAL MULTI MEDIA,1
PT SCHERING INDONESIA,1
PT SDV LOGISTICS INDONESIA,1
PT SEIWA INDONESIA,1
PT SIBA SURYA,1
PT S-IK INDONESIA,1
PT SINERGI EXIMIUS,1
PT SIOEN INDONESIA,1
PT SOHO INDUSTRI FARMASI,1
PT SOLO MURNI,1
PT SOLUSI INTEGRASI UTAMA,1
PT SOLUSI TUNAS PRATAMA TBK,1
PT SONOCO INDONESIA,1
PT SONY ELECTRONICS INDONESIA,1
PT SONY MUSIC ENTERTAINMENT,1
PT SOT INDO-SOURCING,1
PT SOUTH PACIFIC VISCOSE,1
PT STAR SURYA PERKASA,1
PT SUGIHARTA LESTARINDO,1
PT SUMBER SETIA ABADI,1
PT SUMI RUBBER INDONESIA,1
PT SUNGINTEX,1
PT SUPERNOVA,1
PT SURYA TIMUR SAKTI JATIM,1
PT SURYA TOTO INDONESIA,1
PT SURYA ZIG ZAG,1
PT TAKEDA INDONESIA,1
PT TAKENAKA INDONESIA,1
PT TAMACO GRAHA KRIDA,1
PT TEC INDONESIA,1
PT TECHNO INTERNATIONAL,1
PT TEGUH SEMPURNA,1
PT TIDAR KERINCI AGUNG,1
PT TIGARAKSA SATRIA,1
PT TIMES PRIMA INDONESIA,1
PT TK INDUSTRIAL INDONESIA,1
PT TORAY INDUSTRIES INDONESIA,1
PT TOSHIBA CONSUMER PRODUCT,1
PT TRIMEGAH SECURITIES TBK,1
PT TS TECH INDONESIA,1
PT UPS CARDIG INTERNATIONAL,1
PT USAHATAMA SENTOSA MAS,1
PT USI JAYA/CIRCA,1
PT UTAMA CHIP KOMPUTER,1
PT VENETA INDONESIA,1
PT WHIZFONE INDONESIA,1
PT WYNNCOR BALI,1
PT. ABSOLUT REALITAS SOLUSI,1
PT. ADHIMIX PRECAST INDONESIA,1
PT. ADPLUS DIGITAL SOLUSINDO,1
PT. ADYABUANA PERSADA,1
PT. AETRA AIR JAKARTA,1
PT. AGIVA INDONESIA,1
PT. ALTRAK 1978,1
PT. AMTEK ENGINEERING BATAM,1
PT. APLIKASI KARYA ANAK BANGSA,1
PT. ARJUNA UTAMA KIMIA,1
PT. ASTARI NIAGARA,1
PT. AUSTINDO KENCANA JAYA,1
PT. BDO KONSULTAN INDONESIA,1
PT. BERLINA SURABAYA TBK,1
PT. BIROTIKA SEMESTA / DHL,1
PT. BIZZY COMMERCE INDONESIA,1
PT. BUBU KREASI PERDANA,1
PT. BURSA BERJANGKA JAKARTA,1
PT. CAKRAWALA PRIMA ENERGI,1
PT. CERTA SYSTEMS INDONESIA,1
PT. CITRA BORNEO UTAMA TBK,1
PT. DANATAMA MAKMUR,1
PT. DATACARAKA SOLUSINDO,1
PT. DATANG DSSP POWER,1
PT. DHARMA SATYA NUSANTARA,1
PT. DIA ELECTRO CIRCUIT,1
PT. EASTERN PEARL FLOUR MILLS,1
PT. EIGERINDO MULTIPRODUK,1
PT. EIRTEIC CONSULTING ASEAN,1
PT. EQUNIX BUSINESS SOLUTIONS,1
PT. ERAJAYA SWASEMBADA TBK,1
PT. ETHICA INDUSTRI FARMASI,1
PT. FLUOR DANIEL INDONESIA,1
PT. FUJITSU INDONESIA,1
PT. GLOBAL TEKNOLOGI MEDIA,1
PT. GOLDEN DOLBE,1
PT. HAIER ELECTRICAL,1
PT. HARMONI PANCA UTAMA,1
PT. HOLI PHARMA,1
PT. HOLLAND COLOURS ASIA,1
PT. HOME CREDIT INDONESIA,1
PT. HONDA LOGISTICS INDONESIA,1
PT. INDO ARTHA TEKNOLOGI,1
PT. INDOCYBER GLOBAL TEKNOLOGI,1
PT. INDOFARMA (PERSERO) TBK,1
PT. INDONESIA CHINA MOBILE,1
PT. INGENICO INTERNATIONAL,1
PT. INLAND TELEMATIKA,1
PT. INSPIRASI TEKNOLOGI,1
PT. INTI TELADAN ARTHA SWADAYA,1
"PT. INTILAND DEVELOPMENT, TBK",1
PT. JADDI GLOBAL SEJAHTERA,1
PT. KINO INDONESIA TBK,1
PT. KMK GLOBAL SPORTS,1
PT. KREDIT BIRO INDONESIA JAYA,1
PT. LAMIPAK PRIMULA INDONESIA,1
PT. MAHAVIRA SYSTEM INTEGRA,1
PT. MAUKU INDONESIA ABADI,1
PT. MC LIVING ESSENTIALS,1
PT. MEDIA INVESTOR INDONESIA,1
PT. MEDIXSOFT,1
PT. MEINDO ELANG INDAH,1
PT. MIRAE ASSET SEKURITAS,1
PT. MOBILE COIN ASIA,1
PT. NAP INFO LINTAS NUSA,1
PT. NOKIA SIEMENS NETWORKS,1
PT. NOVELL PHARMACEUTICAL,1
PT. NUSANTARA SURYA SAKTI,1
PT. PANCARAN DARAT TRANSPORT,1
PT. PARAGON PRATAMA TEKNOLOGI,1
PT. PARAGON UNIVERSA UTAMA,1
PT. PENTA VALENT,1
PT. PLAZA AUTO PRIMA,1
PT. PRATAMA MITRA SEJATI,1
PT. PRIMA INTEGRASI NETWORK,1
PT. PRIMUS INDONESIA,1
PT. PROPAN RAYA I.C.C,1
PT. PUTRA BANGUN CITRA MANDIRI,1
PT. PYRIDAM FARMA TBK,1
PT. RAHEL KARYA EMAS,1
PT. RANOB MEDIA INTERACTIVE,1
PT. REKA PIRANTI PRAKARSA,1
PT. RICH PRODUCTS,1
PT. SARIMURNI JAYA,1
PT. SIMPATINDO MULTIMEDIA,1
PT. STANLI TRIJAYA MANDIRI,1
PT. SUBAGA SURVEI PERSADA,2
PT. SUMMITRA SOLUSINDO,1
PT. SUPERNOVA FLEXIBLE,1
PT. SURYA INTI MANDIRI,1
PT. TATAMULIA NUSANTARA INDAH,1
PT. TELEMATIC MULTISYSTEM,1
PT. TIGA SRIKANDI JAYA,1
PT. TIRTAKENCANA TATAWARNA,1
PT. TOSHIBA GLOBAL COMMERCE,1
PT. TRANS - PACIFIC,1
PT. TRAVELOKA INDONESIA,1
PT. TRIBUANA MANUNGGAL,1
PT. TRIPAR MULTIVISION PLUS,1
PT. ULTIMA DIGITAL INDONESIA,1
PT. UPC SIDRAP BAYU ENERGI,1
PT. YULIE SEKURITAS INDONESIA,1
PT.ASURANSI FPG INDONESIA,1
PT.BALISOFT LINTASMEDIA,1
PT.EKAMAS FORTUNA,1
PT.HITACHI TERMINAL,1
PT.JEE TECHNOLOGY INDONESIA,1
PT.KINERJA UNGGUL NUSANTARA,1
PT.KREASI SEJAHTERA TEKNOLOGI,1
PT.MANDIRI TUNAS MUDA,1
PT.NAGASAKTI PARAMASHOES,1
PT.TANABE INDONESIA,1
PUS PENGEMB TEKNOLOGI MINERAL,1
PUSAT ILMU KOMPUTER UI,1
PUSAT STATISTIK PENDIDIKAN,1
REPSOL EXPLORATION CENDRAWASIH,1
RS JANTUNG HARAPAN KITA,1
RS TELOGOREJO,1
RSPAU DR. S. HARDJOLUKITO,1
RSUP DR. SARDJITO YOGYAKARTA,1
RTI INFOKOM PT,1
RTI INTERNATIONAL,1
RUMAH SAKIT ANAK DAN,1
RUMAH SAKIT FATMAWATI,1
RUMAH SAKIT ISLAM JAKARTA,1
RUMAH SAKIT METROPOLITAN,1
RUMAH SAKIT PANTAI INDAH KAPUK,1
RUMAH SAKIT UMUM HAJI SURABAYA,1
RUMAHNANGKA.COM,1
RUMAHWEB,1
SAMSUNG ELECTRONICS INDONESIA,1
SANTOSA BANDUNG INTERNATIONAL,1
SARICO INDAH,1
SAT KERJA SEMENTARA PELAKSANA,1
SATYA VISI UTAMA,1
SEKOLAH PELITA HARAPAN,1
SEKRETARIAT DPR REPUBLIK,1
"SENAYAN TRIKARYA SEMPANA, PT",1
SINGAPORE AIRLINES,1
SISNET MITRA SEJAHTERA PT,1
SOCLFEED,1
SOEMADIPRADJA & TAHER,1
SOLUSI PARAMITRA,1
SUPERIORPICS,1
SUZUYA GROUP,1
TOYOPLAS MFG INDONESIA,1
TRANS POWER MARINE PT,1
UNITED NATIONS DEVELOPMENT,1
UNIV.INDONESIA FAKULTAS HUKUM,1
UNIV.MUHAMMADIYAH SURAKARTA,1
UNIVERSITAS ISLAM NEGERI,1
UNIVERSITAS ISLAM SYEKH YUSUF,1
UNIVERSITAS MERCU BUANA,1
UNIVERSITAS MUHAMMADIYAH,1
UNIVERSITAS NASIONAL FAKULTAS,1
UNIVERSITAS PASUNDAN,1
UNIVERSITAS SRIWIJAYA,1
UNIVERSITAS SUMATERA UTARA,1
UNIVERSITAS TERBUKA,1
VALDO INC,1
VISONINDO NETWORK PERDANA,1
"WACHOVIA BANK, N.A",1
WAVOO,1
WEIR MINERALS,1
"WELLS FARGO BANK, N.A",1
YAYASAN AMIK BANI SALEH,1
T0012452,500
ALTERMYTH,1
"ARROW ELECTRONICS, INC.",1
ASKITEL,1
AT&T WORLDWIDE TELECOMMUNICA-,1
BADAN NASIONAL PENEMPATAN DAN,1
BADAN PENGATUR HILIR MINYAK,1
BADAN PENGEMBANGAN SUMBER DAYA,1
BADAN STANDARDIDASI NASIONAL,1
BALAI RISET DAN OBSERVASI,1
BANDUNG INSTITUTE OF TECHNOLOG,1
BANK HIMPUNAN SAUDARA,1
BANK OF CHINA,1
BANK PERKREDITAN RAKYAT,1
BANK PINAESAAN,1
BANPU,1
BEN LINE AGENCIES,1
BENDAHARAWAN RUTIN DINAS,1
BPKP PERWAKILAN PROVINSI JAWA,1
BPR BKK LASEM,1
BUT. ABN AMRO BANK N.V,1
BUT.REPSOL EXPLORACION,1
"CARGILL, INCORPORATED",1
"CHEIL JEDANG INDONESIA, PT",1
"COROUS360, PT",1
CV TITIPAN KILAT,1
CV. INDOKOM,1
CV. MULIA SETIA HATI,1
D&B INDONESIA PT,1
DANA PENSIUN PERKEBUNAN PT,1
DEPARTEMEN KEHAKIMAN RI,1
DHL EXEL SUPPLY CHAIN,1
DINAS KEPENDUDUKAN DAN CATATAN,1
DINAS PENDAPATAN DAERAH TORAJA,1
DINAS PENDAPATAN DAN PENGELOLA,1
DINAS PENGELOLAAN KEUANGAN,1
DINAS PERHUBUNGAN KOMUNIKASI,2
DIPENDA KODYA PADANG,1
DIPENDA TK II PEKANBARU,1
DIPENDA TK.II MOJOKERTO,1
"DISDUS INDONESIA, PT",1
DISPENDA PROVINSI JAWA BARAT,1
DPPKAD PEMERINTAH KABUPATEN,1
EDGE NETWORK SERVICES LIMITED,1
"EKOKAPITAL SEKURITAS, PT",1
ENESIS GROUP,1
"ERRAENERSI KONSTRUKSINDO, PT",1
FIRST NATIONAL GLASSWARE LTD,1
FORESIGHT CONSULTING,1
GARUDA FOOD GROUP,1
GDILAB,1
GEREJA JKI INJIL KERAJAAN,1
GEREJA MAWAR SHARON,1
"GOLDEN CASTLE, PT",1
GRAHA ENERGI DELAPAN MANDIRI,1
GUNATRONIKATAMA CIPTA SISTIM,1
HD CAPITAL PT,1
HIMPUNAN BANK MILIK NEGARA,1
"HONEYWELL PTE. LTD,",1
HOTEL TRIO INDAH,1
IDWEBHOST,1
"INDO TAMBANGRAYA MEGAH TBK, PT",1
INDOINTERNIX,1
INDUSTRI JAMU BOROBUDUR,1
INSTITUT SENI INDONESIA,1
JABABEKA,1
JGC CORPORATION & PT. BRI J.O,1
JL EMERGING MARKETS,1
JOHNY ANDREAN GROUP,1
KAMADJAJA LOGISTICS PT,1
KANTOR DINAS PENDAPATAN PROV,1
KANTOR WAKIL PRESIDEN,1
KEMENTERIAN PERTANIAN REPUBLIK,1
KISEL INDONESIA,1
KLIKSAYA.COM,1
"KOTAMINYAK INTERNUSA, PT",1
KUDO,1
KWIK KIAN GIE SCHOOL OF,1
LAPINDO BRANTAS INC,1
"LAUTAN LUAS, PT",1
MAHKAMAH AGUNG REPUBLIK,1
"MANDALA MULTIFINANCE TBK, PT",1
MEDIA AKSES GLOBAL INDO,1
METROPOLITAN MEDICAL CENTER,1
MILLENIUM CHALLENGE ACCOUNT,1
MOET-HENNESSY ASIA PTE LTD,1
NATIONAL HOSPITAL SURABAYA,1
OPTIK SEIS,1
P.T. MITSUBISHI JAYA,1
PD BPR BANK JOGJA,1
PEMDA TK I BALI,1
PEMERINTAH KOTA BANDUNG,1
PERSATUAN AKTUARIS INDONESIA,1
PERUM PERIKANAN INDONESIA,1
POLITEKNIK KAMPAR,1
POLITEKNIK NEGERI SEMARANG,1
PRESIDENCY OF THE REPUBLIC OF,1
PRIMA PARAHYANGAN COMPUTER,1
"PRIMACOM INTERBUANA, PT",1
"PRIMATAMA KARYA PERSADA, PT",1
PT  SEKAR BUMI TBK,1
PT ACEH RUBBER INDUSTRIES,1
PT ADHYA TIRTA BATAM,1
PT ADSKOM INDONESIA,1
PT ADYABINA PUTRAMAS,1
PT AGRO HARAPAN LESTARI,1
PT AIRINDO SAKTI,1
PT AJINOMOTO INDONESIA,1
PT ALCAN INDONESIA,1
PT ALIANSI TEKNOLOGI INDONESIA,1
PT ANUGERAH ARGONMEDICA,1
PT ANUGERAH PHARMINDO LESTARI,1
PT ANWAR SIERAD,1
PT APAC INTI CORPORA,1
PT ARAH INVESTASI MANDIRI,1
PT ARDH GLOBAL INDONESIA,1
PT ARGHA KARYA PRIMA INDUSTRY,1
PT ARISTI JASADATA,1
PT ARNOTT'S INDONESIA,1
PT ASMO INDONESIA,1
PT ASTRAZENECA INDONESIA,1
PT ASURANSI BINA DANA ARTA TBK,1
PT ASURANSI JIWA INDOSURYA,1
PT ATEJA TRITUNGGAL,1
PT AUSTASIA STOCKFEED,1
PT AUSTINDO NUSANTARA JAYA TBK,1
PT BAKRIE & BROTHERS,1
PT BALINA AGUNG PERKASA,1
PT BANK AKITA,1
PT BANK MALUKU,1
PT BANK PACIFIC,1
PT BANK RABOBANK INTERNATIONAL,1
PT BANK UFJ INDONESIA,1
PT BELAMANI INTI UTAMA,1
PT BERLINA TBK,1
PT BHAKTI FINANCE,1
PT BIMA SENOPATI GROGOL,1
PT BLUE CUBE INDONESIA,1
PT BPR JAWA TIMUR,1
PT BPR SURYA YUDHA KENCANA,1
PT BRAVURA BISNIS SOLUSI,1
PT BUKIT JAYA ABADI,1
PT BUKIT PERAK,1
PT BUMBU DESA,1
PT CAHAYA BINTANG MANDIRI,1
PT CAKRAWALA ANDALAS TELEVISI,1
PT CAPRIFARMINDO LABORATORIES,1
PT CATUR MITRA SEJATI SENTOSA,1
PT CENTRAL RETAIL INDONESIA,1
PT CHEIL JEDANG INDONESIA,1
PT CIPTA TELEVISI PENDIDIKAN,1
PT CIPTADANA CAPITAL,1
PT CISADANE RAYA CHEMICALS,1
PT CITRA ABADI SEJATI,1
PT CITRA SARI MAKMUR,1
PT DAMAI SEJATI,1
PT DATACOM DIANGRAHA,1
PT DJABESMEN,1
PT DONGSUNG JAKARTA,1
PT EGLOBAL TEKNOLOGI SOLUSINDO,1
PT ELMARA REZEKI UTAMA,1
PT EPCOS INDONESIA,1
PT ESPAY DEBIT INDONESIA,1
PT ETERNIT GRESIK,1
PT EWINDO,1
PT EXCO NUSANTARA INDONESIA,1
PT EXPEDITORS INDONESIA,1
PT FASTRATA BUANA,1
PT FORTUNE INDONESIA,1
PT FRISIAN FLAG INDONESIA,1
PT FUJITSU SYSTEMS INDONESIA,1
PT GALIC BINA MADA,1
PT GARUDA METALINDO,1
PT GENERAL MOTORS INDONESIA,2
PT GENERASI INDONESIA DIGITAL,1
PT GENTRANS INDONESIA,1
PT GEOTHERMAL SERVICES,1
PT GM AUTO WORLD INDONESIA,1
PT GOBEL DHARMA NUSANTARA,1
PT GREEN EAGLE,1
PT GUNATRONIKATAMA CIPTA,1
PT GUNTNER INDONESIA,1
PT HAGA BANK,1
PT HARITA PANCA UTAMA,1
PT HARITA PRIMA ABADI MINERAL,1
PT HARTONO ISTANA TEKNOLOGI,1
PT HARTONO WIRA TANIK,1
PT HASJRAT ABADI,1
PT HERCULON CARPET,1
PT HI-TECH AGRATEKTRON,1
PT HONEY LADY UTAMA,1
PT INDO AD,1
PT INDO TAMBANGRAYA MEGAH TBK,1
PT INDOINTERNET,1
PT INDOMINCO MANDIRI,1
PT INDONESIA NEWS CENTER,1
PT INDONUSA COMPUTER SYSTEM,1
PT INDOPRIMA GEMILANG,1
PT INDO-RAMA SYNTHETICS TBK,1
PT INDRA BISMA MAHESA,1
PT INFINYS SYSTEM INDONESIA,1
PT INOVASI LINTAS MEDIA,1
PT INTER ANEKA LESTARI KIMIA,1
PT INTER-DELTA,1
PT INTERNA PRIMA,1
PT INTI DUFREE PROMOSINDO,1
PT INTI GANDA PERDANA,1
PT JAKARTA LAND,1
PT JASA TEKNOLOGI,1
PT JATIMWOOD KARYAJAYA,1
PT JC INDONESIA,1
PT JOJONOMIC INDONESIA,1
PT JONES LANG LASALLE,1
PT JORONG BARUTAMA GRESTON,1
PT KABELMETAL INDONESIA,1
PT KAMALTEX/TUBANTIA,1
PT KAPAL API GLOBAL,1
PT KITADIN,1
PT KLIRING BERJANGKA INDONESIA,1
PT KONSULINDO INFORMATIKA,1
PT KRESNA ASSET MANAGEMENT,1
PT KRIDATAMA LANCAR,1
PT KUBOTA INDONESIA,1
PT LAFARGE CEMENT ANDALAS,1
PT LAUTANDHANA SECURINDO,1
PT LEA SANENT,1
PT LIFUNG INDONESIA,1
PT LIMAWIRA WISESA,1
PT LINFOX LOGISTICS INDONESIA,1
PT LUMBUNG ARTAKENCANA,1
PT MAERSK INDONESIA,1
PT MAERSK INDONESIA FOR MAERSK,1
PT MAHACITTA TEKNOLOGI,1
PT MARUBENI INDONESIA,1
PT MASAGUNG TUNGGAL,1
PT MASTANDO EKARAKSA,1
PT MATAHARI SAKTI,1
PT MAXIMA INTEGRA INVESTAMA,1
PT MAZDA INDONESIA MFG,1
PT MAZDA MOTOR INDONESIA,1
PT MEDIATRAC SISTEM KOMUNIKASI,1
PT METROCOM GLOBAL SOLUSI,2
PT MISYS INTERNATIONAL,1
PT MITRA ANUGERAH GEMILANG,1
PT MITRA BISINFO UTAMA,2
PT MITRA LINGKUNGAN,1
PT MITRA SARANA PURNAMA,1
PT MODERN PHOTO FILM CO,1
PT MORGAN STANLEY ASIA,1
PT MULTISOFT JAVA TECHNOLOGIES,1
PT MUSTIKA RATU,1
PT MUTIARA BARA ENERGY,1
PT NETMARKS INDONESIA,1
PT NEWMONT NUSA TENGGARA,1
PT NORTHSTAR PACIFIC CAPITAL,1
PT NUSA HALMAHERA MINERALS,1
PT OPTUS SOLUTION,1
PT ORINDO ALAM AYU (ORIFLAME),1
PT OTP GEOTHERMAL SERVICES,1
PT PACIFIC AGUNG TRIJAYA,3
PT PACIFIC PLACE JAKARTA,1
PT PANALPINA NUSAJAYA,1
PT PANGANSARI UTAMA,1
PT PAPERTECH INDONESIA,1
PT PASARAYA NUSAKARYA,1
PT PCI ELEKTRONIK,1
PT PELITA RELIANCE,1
PT PERKEBUNAN XII,1
PT PHINCON,1
PT POS INDONESIA (PERSERO),1
PT PRADJA PHARMACEUTICAL,1
PT PRICE WATERHOUSE INDONESIA,1
PT PRICEBOOK DIGITAL INDONESIA,1
PT PRIMA ALLOY STEEL,1
PT PRIMA INREKSA INDUSTRIES,1
PT PROCTER & GAMBLE HOME,1
PT PUNDI KENCANA,1
PT RABO BANK DUTA INDONESIA,1
PT RAJA KAMAR INTERNATIONAL,1
PT RAJAWALI PLANTATION,1
PT RELIANCE SECURITIES,1
PT RINTIS SEJAHTERA,1
PT ROYAL ABADI SEJAHTERA,1
PT SAMUDERA INFORMASI,1
PT SANGGAR SARANA BAJA,1
PT SANTAN BATUBARA,1
PT SAP INDONESIA,1
PT SARANAGRIYA LESTARI KERAMIK,1
PT SARANAKREASI TEKNOLOGI,1
PT SCHNEIDER INDONESIA,1
PT SEBUKU IRON LATERITIC ORES,1
PT SEPATU BATA,1
PT SHINDENGEN INDONESIA,1
PT SIEMENS INDONESIA,1
PT SILVERLAKE INFORMATIKATAMA,1
PT SISTELINDO MITRA LINTAS,2
PT SOFCO GRAHA,1
PT SORINI TOWA BERLIAN,1
PT SRI TRANG LINGGA INDONESIA,1
PT SRIBOGA RATURAYA SEMARANG,1
PT STRUCTURED SERVICES,1
PT SUCORINVEST CENTRAL GANI,1
PT SUMCO INDONESIA,1
PT SUPRA PRIMATAMA NUSANTARA,1
PT SUPREME CABLE MFG CORP,1
PT SURACO JAYA ABADI MOTOR,1
PT SURVEY PRIMA SOLUSI,1
PT SURYA GEMILANG PERKASA,1
PT SURYA MULTI INDOPACK,1
PT SURYA PERTIWI,1
PT SURYA SEMESTA INTERNUSA TBK,1
PT SWAKARSA SINARSENTOSA,1
PT SYNNEX METRODATA INDONESIA,1
PT TAP APPLIED AGRI SERVICES,1
PT TIETOENATOR INDONESIA,1
PT TIP TOP,1
PT TIRTA ALAM SEGAR,1
PT TIRTA PUTRA WISATA,1
PT TITAN PETROKIMIA NUSANTARA,1
PT TOTAL OIL INDONESIA,1
PT TRANS AVIA UTAMA,1
PT TRIPUTRA AGRO PERSADA,1
PT TRUBAINDO COAL MINING,1
PT TUDUNG PUTRA PUTRI JAYA,1
PT UNICHEM CANDI INDUSTRI DURI,1
PT UNIPACK INDOSYSTEMS,1
PT VALBURY ASIA FUTURES,1
PT VIVA MEDIA BARU,1
PT VIVASTOR TECHNO LOGICA,1
PT VOLEX CABLE ASSEMBLY,1
PT WILMAR CONSULTANCY SERVICES,1
PT WIRATMAN & ASSOCIATES,1
PT WIRELESS INDONESIA,1
PT XSYS DISTI CEMERLANG,1
PT. 88DB INDONESIA,1
PT. AETRA AIR TANGERANG,1
PT. AJINOMOTO INDONESIA,1
PT. ALAM JAYA PRIMANUSA,1
PT. ALFA OMEGA INDUSTRI,1
PT. ASIASOFT INDONESIA,1
PT. ASSAFAR IMAN AMANAH,1
PT. ASURANSI MAXIMUS GRAHA,1
PT. ATLAS COPCO INDONESIA,1
PT. AUTOMOTIVE FASTENERS,1
PT. BAKER HUGHES INDONESIA,1
PT. BELCINDO SINAR MULIA,1
PT. BETON PERKASA WIJAKSANA,1
PT. BIRU AMRETA TRISNA,1
PT. BOSOWA CORPORINDO,1
PT. CLADTEK BI METAL,1
PT. COSMA MITRA SEJAHTERA,1
PT. CRIF LEMBAGA INFORMASI,1
PT. DATACOMM DIANGRAHA,1
PT. DHARMA AGUNG WIJAYA,1
PT. EBIZ CIPTA SOLUSI,1
PT. ECOGREEN OLEOCHEMICALS,1
PT. EGLOBAL TEKNOLOGI,1
PT. ENERGI MITRA INVESTAMA,1
PT. ENERGY CONSULTING,1
PT. EUROKARS ARTHA UTAMA,1
PT. EZEELINK INDONESIA,1
PT. FAIRCO AGRO MANDIRI,1
PT. FAJAR INTI SURYA,1
PT. FINNANTARA INTIGA,1
PT. FUTURE PIPE INDUSTRIES,1
PT. GENERAL MOTORS INDONESIA,1
PT. GML PERFORMANCE CONSULTING,1
PT. GORONTALO PG,1
PT. INDOGOLD SOLUSI GADAI,1
PT. INDOJAYA AGRINUSA,1
PT. INDUSTRI DJAMU DAN,1
PT. IONSOFT,1
PT. ITHACA RESOURCES,1
PT. JAYA TEKNIK INDONESIA,1
PT. JGC CORPORATION & PT JGC,1
PT. KALVENTIS SINERGI FARMA,1
PT. KARYAMAS ADINUSANTARA,1
PT. KARYAMEGAH ADIJAYA,1
PT. KEMALA INTI SOLUSI,1
PT. KORN/FERRY INTERNATIONAL,1
PT. KREON INDONESIA,1
PT. MARUNDA MEGA INDUSTRI,1
PT. MASTERCARD INDONESIA,1
PT. MEGA INFOTAMA,1
PT. MINDA ASEAN AUTOMOTIVE,1
PT. NEC INDONESIA,1
PT. NORTHSTAR PACIFIC CAPITAL,1
PT. PELAYARAN BINTANG PUTIH,1
PT. PFI MEGA LIFE INSURANCE,1
PT. POLYFIN CANGGIH,1
PT. PRASADHA PAMUNAH,1
PT. PSN ENAM INDONESIA,1
PT. RAJA ABADI MAKMUR SEJATI,1
PT. RSM INDONESIA KONSULTAN,1
PT. SANDVIK INDONESIA,1
PT. SEMBILAN PILAR ANUGERAH,1
PT. SHELL INDONESIA,1
PT. SIEMENS INDUSTRIAL POWER,1
PT. SIRA MANUNGGAL SELARAS,1
PT. SISINDOKOM LINTASBUANA,1
PT. SRITRANG LINGGA INDONESIA,1
PT. STAR CONCORD INDONESIA,1
PT. SUNINDO KOOKMIN,1
PT. TANI HUB INDONESIA,1
PT. TARUNAKUSUMA PURINUSA,1
PT. TEKNOLAND MITRA SOLUSI,1
PT. TERA TEKNO INFOTAMA,1
PT. TOTAL BANGUN PERSADA TBK,1
PT. TRAFOINDO PRIMA PERKASA,1
PT. TRANS HAMANA TEKNOLOGI,1
PT. UNGGUL KARSA MEDIKA,1
PT. VICTORIA CARE INDONESIA,1
PT. WARU GUNUNG INDUSTRY,1
PT. WIKARAGA SAPTAUTAMA,1
PT. WORLDLINE INTERNATIONAL,2
PT. ZEBRA ASABA INDUSTRI,1
PT.ACCLIVIS TECHNOLOGIES,1
PT.BANK MITRANIAGA,1
PT.CIRCLES TEKNOLOGI INDONESIA,1
PT.EXERTAINMENT INDONESIA,1
PT.JEMBO CABLE COMPANY TBK,1
PT.PATCO ELEKTRONIK TEKNOLOGI,1
PT.PERMATA ANUGERAH ABADI,1
PT.SARANA MAJU LESTARI,1
PT.SENTRA USAHATAMA JAYA,1
PT.SULFINDO ADIUSAHA,1
PUSAT KOMPUTER ITB,1
PUSAT PELAPORAN DAN ANALISIS,1
PUSLITBANG IONOSFER LAPAN,1
PUSLITBANG JALAN DAN JEMBATAN,1
"RAMBA ENERGY, PT",1
"REKA PIRANTI PRAKARSA, PT",1
REPEX WAHANA PT,1
RIAU INVESTMENT CORP,1
RS AWAL BROS,1
RS HUSADA,1
RSB BUNDA,1
RSUD DR. SOEBANDI,1
RSUP CIPTO MANGUNKUSUMO,1
RSUP DR. KARIADI,1
RUMAH SAKIT AKADEMIK,1
RUMAH SAKIT FATMAWATI JAKARTA,1
RUMAH SAKIT GRHA KEDOYA,1
RUMAH SAKIT MEDIKA PERMATA,1
RUMAH SAKIT UMUM DAERAH KOTA,1
RUMAH TANGGA KEPRESIDENAN,1
SEKJEN DPR RI BIDANG DATA DAN,1
SEKRETARIAT NEGARA RI,1
SEKRETARIAT WAKIL PRESIDEN,1
"SEMEN BOSOWA MAROS, PT",1
SHANGRI-LA HOTEL,1
SHANGRI-LA RESIDENCES,1
SHARP SEMICONDUCTOR INDONESIA,1
SILVERLAKE STRUCTURED,1
SKK MIGAS,2
SOFTEX INDONESIA PT,1
SOMERSET SURABAYA HOTEL AND,1
STEGGI BERSAUDARA,1
STIE PERBANAS,1
SUNGAI BUDI GROUP,1
SUNSTAR ENGINEERING INDONESIA,1
SURYA MULIA INTERNATIONAL,1
"TANJUNG JATI B, PT",1
TATELY N.V,1
"TIGA PILAR SEJAHTERA, PT",1
TIKI JALUR NUGRAHA EKAKURIR PT,1
TOPJAYA SARANA UTAMA,1
TOTAL E & P INDONESIE,1
TOTAL INDONESIE JAKARTA,1
TOUCHTEN PTE LTD,1
TRANSPORTASI JAKARTA,1
UIN SUNAN KALIJAGA,1
UNIVERSITAS BUDI LUHUR,1
UNIVERSITAS ISLAM NEGERI,1
UNIVERSITAS KRISTEN KRIDA,1
UNIVERSITAS MUHAMMADIYAH,3
UNIVERSITAS NEGERI SURABAYA,1
UNIVERSITAS PENDIDIKAN,1
UNIVERSITAS PERSADA INDONESIA,1
UNIVERSITAS PERTAHANAN,1
UNIVERSITAS SYIAH KUALA,1
UNIVERSITAS TRILOGI,1
UNIVERSITAS TRISAKTI,1
URUNAN (981193),1
WMGS S'PORE PTE LTD REPS OFF,1
WOORI KORINDO SECURITIES,1
Y. EKO PURWANTO,1
YAY. ADI UPAYA,1
YAY. UNIVERSITAS KRISTEN,1
YAYASAN PENDIDIKAN GUNADARMA,1
Grand Total,2374
